COMUNIDAD AUTÓNOMA,Provincia,PROVINCIA,CÓD ESPECIE,ESPECIE,PARÁMETRO,FORMA DE CUBICACIÓN,MODELO,A,B,C,D,P,Q,R,DNM
72,Cáceres,10,16,Pyrus spp.,VCC,2,1,47.55,0.0001514,0.0,0.0,0.0,0.0,0.0,0
72,Cáceres,10,16,Pyrus spp.,VSC,2,7,-11.0,0.894814,-2.31e-05,0.0,0.0,0.0,0.0,0
72,Cáceres,10,16,Pyrus spp.,IAVC,2,21,0.0,0.0,8.35687106206054e-05,-1.27463195893234e-07,0.0,0.0,0.0,0
72,Cáceres,10,16,Pyrus spp.,VLE,2,12,0.0,0.0,0.0,0.0,3.63e-05,2.46992,0.0,0
72,Cáceres,10,16,Pyrus spp.,VCC,5,1,47.55,0.0001514,0.0,0.0,0.0,0.0,0.0,0
72,Cáceres,10,16,Pyrus spp.,VSC,5,7,-11.0,0.894814,-2.31e-05,0.0,0.0,0.0,0.0,0
72,Cáceres,10,16,Pyrus spp.,IAVC,5,21,0.0,0.0,8.35687106206054e-05,-1.27463195893234e-07,0.0,0.0,0.0,0
72,Cáceres,10,16,Pyrus spp.,VLE,5,12,0.0,0.0,0.0,0.0,3.63e-05,2.46992,0.0,0
72,Cáceres,10,23,Pinus pinea,VCC,2,1,31.22,0.0002903,0.0,0.0,0.0,0.0,0.0,0
72,Cáceres,10,23,Pinus pinea,VSC,2,7,-12.54,0.8225261,6.8e-06,0.0,0.0,0.0,0.0,0
72,Cáceres,10,23,Pinus pinea,IAVC,2,21,0.0,0.0,0.000235815121915264,-2.20719330813332e-07,0.0,0.0,0.0,0
72,Cáceres,10,23,Pinus pinea,VLE,2,12,0.0,0.0,0.0,0.0,8e-07,3.04558,0.0,0
72,Cáceres,10,23,Pinus pinea,VCC,3,1,31.22,0.0002903,0.0,0.0,0.0,0.0,0.0,0
72,Cáceres,10,23,Pinus pinea,VSC,3,7,-12.54,0.8225261,6.8e-06,0.0,0.0,0.0,0.0,0
72,Cáceres,10,23,Pinus pinea,IAVC,3,21,0.0,0.0,0.000235815121915264,-2.20719330813332e-07,0.0,0.0,0.0,0
72,Cáceres,10,23,Pinus pinea,VLE,3,12,0.0,0.0,0.0,0.0,8e-07,3.04558,0.0,0
72,Cáceres,10,23,Pinus pinea,VCC,4,1,31.22,0.0002903,0.0,0.0,0.0,0.0,0.0,0
72,Cáceres,10,23,Pinus pinea,VSC,4,7,-12.54,0.8225261,6.8e-06,0.0,0.0,0.0,0.0,0
72,Cáceres,10,23,Pinus pinea,IAVC,4,21,0.0,0.0,0.000235815121915264,-2.20719330813332e-07,0.0,0.0,0.0,0
72,Cáceres,10,23,Pinus pinea,VLE,4,12,0.0,0.0,0.0,0.0,8e-07,3.04558,0.0,0
72,Cáceres,10,23,Pinus pinea,VCC,5,1,31.22,0.0002903,0.0,0.0,0.0,0.0,0.0,0
72,Cáceres,10,23,Pinus pinea,VSC,5,7,-12.54,0.8225261,6.8e-06,0.0,0.0,0.0,0.0,0
72,Cáceres,10,23,Pinus pinea,IAVC,5,21,0.0,0.0,0.000235815121915264,-2.20719330813332e-07,0.0,0.0,0.0,0
72,Cáceres,10,23,Pinus pinea,VLE,5,12,0.0,0.0,0.0,0.0,8e-07,3.04558,0.0,0
72,Cáceres,10,44,Quercus faginea,VCC,2,1,47.55,0.0001514,0.0,0.0,0.0,0.0,0.0,0
72,Cáceres,10,44,Quercus faginea,VSC,2,7,-11.0,0.894814,-2.31e-05,0.0,0.0,0.0,0.0,0
72,Cáceres,10,44,Quercus faginea,IAVC,2,21,0.0,0.0,7.23398676848907e-05,-7.64726412740849e-08,0.0,0.0,0.0,0
72,Cáceres,10,44,Quercus faginea,VLE,2,12,0.0,0.0,0.0,0.0,3.63e-05,2.46992,0.0,0
72,Cáceres,10,44,Quercus faginea,VCC,3,1,47.55,0.0001514,0.0,0.0,0.0,0.0,0.0,0
72,Cáceres,10,44,Quercus faginea,VSC,3,7,-11.0,0.894814,-2.31e-05,0.0,0.0,0.0,0.0,0
72,Cáceres,10,44,Quercus faginea,IAVC,3,21,0.0,0.0,7.23398676848907e-05,-7.64726412740849e-08,0.0,0.0,0.0,0
72,Cáceres,10,44,Quercus faginea,VLE,3,12,0.0,0.0,0.0,0.0,3.63e-05,2.46992,0.0,0
72,Cáceres,10,44,Quercus faginea,VCC,4,1,47.55,0.0001514,0.0,0.0,0.0,0.0,0.0,0
72,Cáceres,10,44,Quercus faginea,VSC,4,7,-11.0,0.894814,-2.31e-05,0.0,0.0,0.0,0.0,0
72,Cáceres,10,44,Quercus faginea,IAVC,4,21,0.0,0.0,7.23398676848907e-05,-7.64726412740849e-08,0.0,0.0,0.0,0
72,Cáceres,10,44,Quercus faginea,VLE,4,12,0.0,0.0,0.0,0.0,3.63e-05,2.46992,0.0,0
72,Cáceres,10,44,Quercus faginea,VCC,5,1,47.55,0.0001514,0.0,0.0,0.0,0.0,0.0,0
72,Cáceres,10,44,Quercus faginea,VSC,5,7,-11.0,0.894814,-2.31e-05,0.0,0.0,0.0,0.0,0
72,Cáceres,10,44,Quercus faginea,IAVC,5,21,0.0,0.0,7.23398676848907e-05,-7.64726412740849e-08,0.0,0.0,0.0,0
72,Cáceres,10,44,Quercus faginea,VLE,5,12,0.0,0.0,0.0,0.0,3.63e-05,2.46992,0.0,0
72,Cáceres,10,45,Quercus ilex,VCC,2,1,26.39,0.0002308,0.0,0.0,0.0,0.0,0.0,0
72,Cáceres,10,45,Quercus ilex,VSC,2,7,-9.48,0.907568,4.9e-06,0.0,0.0,0.0,0.0,0
72,Cáceres,10,45,Quercus ilex,IAVC,2,21,0.0,0.0,4.14905764883287e-05,-3.5903833682903e-08,0.0,0.0,0.0,0
72,Cáceres,10,45,Quercus ilex,VLE,2,12,0.0,0.0,0.0,0.0,3.19e-05,2.56596,0.0,0
72,Cáceres,10,45,Quercus ilex,VCC,3,1,26.39,0.0002308,0.0,0.0,0.0,0.0,0.0,0
72,Cáceres,10,45,Quercus ilex,VSC,3,7,-9.48,0.907568,4.9e-06,0.0,0.0,0.0,0.0,0
72,Cáceres,10,45,Quercus ilex,IAVC,3,21,0.0,0.0,4.14905764883287e-05,-3.5903833682903e-08,0.0,0.0,0.0,0
72,Cáceres,10,45,Quercus ilex,VLE,3,12,0.0,0.0,0.0,0.0,3.19e-05,2.56596,0.0,0
72,Cáceres,10,45,Quercus ilex,VCC,4,1,25.35,0.0001831,0.0,0.0,0.0,0.0,0.0,0
72,Cáceres,10,45,Quercus ilex,VSC,4,7,-7.44,0.8819812,3.04e-05,0.0,0.0,0.0,0.0,0
72,Cáceres,10,45,Quercus ilex,IAVC,4,21,0.0,0.0,4.14905764883287e-05,-3.5903833682903e-08,0.0,0.0,0.0,0
72,Cáceres,10,45,Quercus ilex,VLE,4,12,0.0,0.0,0.0,0.0,3.19e-05,2.56596,0.0,0
72,Cáceres,10,45,Quercus ilex,VCC,5,1,26.39,0.0002308,0.0,0.0,0.0,0.0,0.0,0
72,Cáceres,10,45,Quercus ilex,VSC,5,7,-9.48,0.907568,4.9e-06,0.0,0.0,0.0,0.0,0
72,Cáceres,10,45,Quercus ilex,IAVC,5,21,0.0,0.0,4.14905764883287e-05,-3.5903833682903e-08,0.0,0.0,0.0,0
72,Cáceres,10,45,Quercus ilex,VLE,5,12,0.0,0.0,0.0,0.0,3.19e-05,2.56596,0.0,0
72,Cáceres,10,61,Eucalyptus globulus,VCC,2,1,18.93,0.0002748,0.0,0.0,0.0,0.0,0.0,0
72,Cáceres,10,61,Eucalyptus globulus,VSC,2,7,-1.67,0.7749252,7.24e-05,0.0,0.0,0.0,0.0,0
72,Cáceres,10,61,Eucalyptus globulus,IAVC,2,21,0.0,0.0,8.023286192669e-05,2.3325737679513e-07,0.0,0.0,0.0,0
72,Cáceres,10,61,Eucalyptus globulus,VLE,2,12,0.0,0.0,0.0,0.0,0.0017465,1.73173,0.0,0
72,Cáceres,10,61,Eucalyptus globulus,VCC,3,1,21.9,0.0002577,0.0,0.0,0.0,0.0,0.0,0
72,Cáceres,10,61,Eucalyptus globulus,VSC,3,7,2.15,0.6660166,0.0009497,0.0,0.0,0.0,0.0,0
72,Cáceres,10,61,Eucalyptus globulus,IAVC,3,21,0.0,0.0,8.023286192669e-05,2.3325737679513e-07,0.0,0.0,0.0,0
72,Cáceres,10,61,Eucalyptus globulus,VLE,3,12,0.0,0.0,0.0,0.0,0.0017465,1.73173,0.0,0
72,Cáceres,10,61,Eucalyptus globulus,VCC,5,1,39.9,0.0001427,0.0,0.0,0.0,0.0,0.0,0
72,Cáceres,10,61,Eucalyptus globulus,VSC,5,7,5.63,0.6376633,0.0006467,0.0,0.0,0.0,0.0,0
72,Cáceres,10,61,Eucalyptus globulus,IAVC,5,21,0.0,0.0,8.023286192669e-05,2.3325737679513e-07,0.0,0.0,0.0,0
72,Cáceres,10,61,Eucalyptus globulus,VLE,5,12,0.0,0.0,0.0,0.0,0.0017465,1.73173,0.0,0
72,Cáceres,10,62,Eucalyptus camaldulensis,VCC,2,1,18.93,0.0002748,0.0,0.0,0.0,0.0,0.0,0
72,Cáceres,10,62,Eucalyptus camaldulensis,VSC,2,7,-1.67,0.7749252,7.24e-05,0.0,0.0,0.0,0.0,0
72,Cáceres,10,62,Eucalyptus camaldulensis,IAVC,2,21,0.0,0.0,8.023286192669e-05,2.3325737679513e-07,0.0,0.0,0.0,0
72,Cáceres,10,62,Eucalyptus camaldulensis,VLE,2,12,0.0,0.0,0.0,0.0,4.4e-05,2.39055,0.0,0
72,Cáceres,10,62,Eucalyptus camaldulensis,VCC,3,1,21.9,0.0002577,0.0,0.0,0.0,0.0,0.0,0
72,Cáceres,10,62,Eucalyptus camaldulensis,VSC,3,7,2.15,0.6660166,0.0009497,0.0,0.0,0.0,0.0,0
72,Cáceres,10,62,Eucalyptus camaldulensis,IAVC,3,21,0.0,0.0,8.023286192669e-05,2.3325737679513e-07,0.0,0.0,0.0,0
72,Cáceres,10,62,Eucalyptus camaldulensis,VLE,3,12,0.0,0.0,0.0,0.0,4.4e-05,2.39055,0.0,0
72,Cáceres,10,62,Eucalyptus camaldulensis,VCC,5,1,39.9,0.0001427,0.0,0.0,0.0,0.0,0.0,0
72,Cáceres,10,62,Eucalyptus camaldulensis,VSC,5,7,5.63,0.6376633,0.0006467,0.0,0.0,0.0,0.0,0
72,Cáceres,10,62,Eucalyptus camaldulensis,IAVC,5,21,0.0,0.0,8.023286192669e-05,2.3325737679513e-07,0.0,0.0,0.0,0
72,Cáceres,10,62,Eucalyptus camaldulensis,VLE,5,12,0.0,0.0,0.0,0.0,4.4e-05,2.39055,0.0,0
72,Cáceres,10,63,Otros eucaliptos,VCC,2,1,18.93,0.0002748,0.0,0.0,0.0,0.0,0.0,0
72,Cáceres,10,63,Otros eucaliptos,VSC,2,7,-1.67,0.7749252,7.24e-05,0.0,0.0,0.0,0.0,0
72,Cáceres,10,63,Otros eucaliptos,IAVC,2,21,0.0,0.0,8.023286192669e-05,2.3325737679513e-07,0.0,0.0,0.0,0
72,Cáceres,10,63,Otros eucaliptos,VLE,2,12,0.0,0.0,0.0,0.0,0.0017465,1.73173,0.0,0
72,Cáceres,10,63,Otros eucaliptos,VCC,3,1,21.9,0.0002577,0.0,0.0,0.0,0.0,0.0,0
72,Cáceres,10,63,Otros eucaliptos,VSC,3,7,2.15,0.6660166,0.0009497,0.0,0.0,0.0,0.0,0
72,Cáceres,10,63,Otros eucaliptos,IAVC,3,21,0.0,0.0,8.023286192669e-05,2.3325737679513e-07,0.0,0.0,0.0,0
72,Cáceres,10,63,Otros eucaliptos,VLE,3,12,0.0,0.0,0.0,0.0,0.0017465,1.73173,0.0,0
72,Cáceres,10,63,Otros eucaliptos,VCC,5,1,39.9,0.0001427,0.0,0.0,0.0,0.0,0.0,0
72,Cáceres,10,63,Otros eucaliptos,VSC,5,7,5.63,0.6376633,0.0006467,0.0,0.0,0.0,0.0,0
72,Cáceres,10,63,Otros eucaliptos,IAVC,5,21,0.0,0.0,8.023286192669e-05,2.3325737679513e-07,0.0,0.0,0.0,0
72,Cáceres,10,63,Otros eucaliptos,VLE,5,12,0.0,0.0,0.0,0.0,0.0017465,1.73173,0.0,0
72,Cáceres,10,66,Olea europaea,VCC,3,1,13.14,0.0002358,0.0,0.0,0.0,0.0,0.0,0
72,Cáceres,10,66,Olea europaea,VSC,3,7,-3.02,0.8503336,0.000113,0.0,0.0,0.0,0.0,0
72,Cáceres,10,66,Olea europaea,IAVC,3,21,0.0,0.0,8.35687106206054e-05,-1.27463195893234e-07,0.0,0.0,0.0,0
72,Cáceres,10,66,Olea europaea,VLE,3,12,0.0,0.0,0.0,0.0,0.0090069,1.42613,0.0,0
72,Cáceres,10,66,Olea europaea,VCC,4,1,13.14,0.0002358,0.0,0.0,0.0,0.0,0.0,0
72,Cáceres,10,66,Olea europaea,VSC,4,7,-3.02,0.8503336,0.000113,0.0,0.0,0.0,0.0,0
72,Cáceres,10,66,Olea europaea,IAVC,4,21,0.0,0.0,8.35687106206054e-05,-1.27463195893234e-07,0.0,0.0,0.0,0
72,Cáceres,10,66,Olea europaea,VLE,4,12,0.0,0.0,0.0,0.0,0.0090069,1.42613,0.0,0
72,Cáceres,10,66,Olea europaea,VCC,5,1,13.14,0.0002358,0.0,0.0,0.0,0.0,0.0,0
72,Cáceres,10,66,Olea europaea,VSC,5,7,-3.02,0.8503336,0.000113,0.0,0.0,0.0,0.0,0
72,Cáceres,10,66,Olea europaea,IAVC,5,21,0.0,0.0,8.35687106206054e-05,-1.27463195893234e-07,0.0,0.0,0.0,0
72,Cáceres,10,66,Olea europaea,VLE,5,12,0.0,0.0,0.0,0.0,0.0090069,1.42613,0.0,0
72,Cáceres,10,72,Castanea sativa,VCC,2,1,82.21,0.000143,0.0,0.0,0.0,0.0,0.0,0
72,Cáceres,10,72,Castanea sativa,VSC,2,7,-1.1,0.8314799,2.79e-05,0.0,0.0,0.0,0.0,0
72,Cáceres,10,72,Castanea sativa,IAVC,2,21,0.0,0.0,7.18105004525826e-05,-5.68003990738025e-08,0.0,0.0,0.0,0
72,Cáceres,10,72,Castanea sativa,VLE,2,12,0.0,0.0,0.0,0.0,2.12e-05,2.52613,0.0,0
72,Cáceres,10,72,Castanea sativa,VCC,3,1,82.21,0.000143,0.0,0.0,0.0,0.0,0.0,0
72,Cáceres,10,72,Castanea sativa,VSC,3,7,-1.1,0.8314799,2.79e-05,0.0,0.0,0.0,0.0,0
72,Cáceres,10,72,Castanea sativa,IAVC,3,21,0.0,0.0,7.18105004525826e-05,-5.68003990738025e-08,0.0,0.0,0.0,0
72,Cáceres,10,72,Castanea sativa,VLE,3,12,0.0,0.0,0.0,0.0,2.12e-05,2.52613,0.0,0
72,Cáceres,10,72,Castanea sativa,VCC,4,1,82.21,0.000143,0.0,0.0,0.0,0.0,0.0,0
72,Cáceres,10,72,Castanea sativa,VSC,4,7,-1.1,0.8314799,2.79e-05,0.0,0.0,0.0,0.0,0
72,Cáceres,10,72,Castanea sativa,IAVC,4,21,0.0,0.0,7.18105004525826e-05,-5.68003990738025e-08,0.0,0.0,0.0,0
72,Cáceres,10,72,Castanea sativa,VLE,4,12,0.0,0.0,0.0,0.0,2.12e-05,2.52613,0.0,0
72,Cáceres,10,72,Castanea sativa,VCC,5,1,82.21,0.000143,0.0,0.0,0.0,0.0,0.0,0
72,Cáceres,10,72,Castanea sativa,VSC,5,7,-1.1,0.8314799,2.79e-05,0.0,0.0,0.0,0.0,0
72,Cáceres,10,72,Castanea sativa,IAVC,5,21,0.0,0.0,7.18105004525826e-05,-5.68003990738025e-08,0.0,0.0,0.0,0
72,Cáceres,10,72,Castanea sativa,VLE,5,12,0.0,0.0,0.0,0.0,2.12e-05,2.52613,0.0,0
72,Cáceres,10,72,Castanea sativa,VCC,6,1,82.21,0.000143,0.0,0.0,0.0,0.0,0.0,0
72,Cáceres,10,72,Castanea sativa,VSC,6,7,-1.1,0.8314799,2.79e-05,0.0,0.0,0.0,0.0,0
72,Cáceres,10,72,Castanea sativa,IAVC,6,21,0.0,0.0,7.18105004525826e-05,-5.68003990738025e-08,0.0,0.0,0.0,0
72,Cáceres,10,72,Castanea sativa,VLE,6,12,0.0,0.0,0.0,0.0,2.12e-05,2.52613,0.0,0
72,Cáceres,10,299,Ficus carica,VCC,5,1,13.14,0.0002358,0.0,0.0,0.0,0.0,0.0,0
72,Cáceres,10,299,Ficus carica,VSC,5,7,-4.94,0.8041414,1.86e-05,0.0,0.0,0.0,0.0,0
72,Cáceres,10,299,Ficus carica,IAVC,5,21,0.0,0.0,8.35687106206054e-05,-1.27463195893234e-07,0.0,0.0,0.0,0
72,Cáceres,10,299,Ficus carica,VLE,5,12,0.0,0.0,0.0,0.0,0.0090069,1.42613,0.0,0
72,Cáceres,10,499,Morus alba,VCC,3,1,13.14,0.0002358,0.0,0.0,0.0,0.0,0.0,0
72,Cáceres,10,499,Morus alba,VSC,3,7,-4.94,0.8041414,1.86e-05,0.0,0.0,0.0,0.0,0
72,Cáceres,10,499,Morus alba,IAVC,3,21,0.0,0.0,0.000155666178267029,-1.33128377917321e-07,0.0,0.0,0.0,0
72,Cáceres,10,499,Morus alba,VLE,3,12,0.0,0.0,0.0,0.0,0.0010626,1.85153,0.0,0
72,Cáceres,10,499,Morus alba,VCC,5,1,13.14,0.0002358,0.0,0.0,0.0,0.0,0.0,0
72,Cáceres,10,499,Morus alba,VSC,5,7,-4.94,0.8041414,1.86e-05,0.0,0.0,0.0,0.0,0
72,Cáceres,10,499,Morus alba,IAVC,5,21,0.0,0.0,0.000155666178267029,-1.33128377917321e-07,0.0,0.0,0.0,0
72,Cáceres,10,499,Morus alba,VLE,5,12,0.0,0.0,0.0,0.0,0.0010626,1.85153,0.0,0
72,Cáceres,10,626,Pinus pinaster sin resinación,VCC,1,1,23.37,0.0003167,0.0,0.0,0.0,0.0,0.0,0
72,Cáceres,10,626,Pinus pinaster sin resinación,VSC,1,7,-9.2,0.6978928,3.46e-05,0.0,0.0,0.0,0.0,0
72,Cáceres,10,626,Pinus pinaster sin resinación,IAVC,1,21,0.0,0.0,0.000276482798691555,-1.68949196448556e-07,0.0,0.0,0.0,0
72,Cáceres,10,626,Pinus pinaster sin resinación,VLE,1,12,0.0,0.0,0.0,0.0,5.64e-05,2.24028,0.0,0
72,Cáceres,10,626,Pinus pinaster sin resinación,VCC,2,1,23.37,0.0003167,0.0,0.0,0.0,0.0,0.0,0
72,Cáceres,10,626,Pinus pinaster sin resinación,VSC,2,7,-9.2,0.6978928,3.46e-05,0.0,0.0,0.0,0.0,0
72,Cáceres,10,626,Pinus pinaster sin resinación,IAVC,2,21,0.0,0.0,0.000276482798691555,-1.68949196448556e-07,0.0,0.0,0.0,0
72,Cáceres,10,626,Pinus pinaster sin resinación,VLE,2,12,0.0,0.0,0.0,0.0,5.64e-05,2.24028,0.0,0
72,Cáceres,10,626,Pinus pinaster sin resinación,VCC,3,1,7.29,0.0002596,0.0,0.0,0.0,0.0,0.0,0
72,Cáceres,10,626,Pinus pinaster sin resinación,VSC,3,7,1.21,0.5732227,0.0002697,0.0,0.0,0.0,0.0,0
72,Cáceres,10,626,Pinus pinaster sin resinación,IAVC,3,21,0.0,0.0,0.000276482798691555,-1.68949196448556e-07,0.0,0.0,0.0,0
72,Cáceres,10,626,Pinus pinaster sin resinación,VLE,3,12,0.0,0.0,0.0,0.0,5.64e-05,2.24028,0.0,0
72,Cáceres,10,626,Pinus pinaster sin resinación,VCC,5,1,38.41,0.000208,0.0,0.0,0.0,0.0,0.0,0
72,Cáceres,10,626,Pinus pinaster sin resinación,VSC,5,7,-4.58,0.6540317,0.0001183,0.0,0.0,0.0,0.0,0
72,Cáceres,10,626,Pinus pinaster sin resinación,IAVC,5,21,0.0,0.0,0.000276482798691555,-1.68949196448556e-07,0.0,0.0,0.0,0
72,Cáceres,10,626,Pinus pinaster sin resinación,VLE,5,12,0.0,0.0,0.0,0.0,5.64e-05,2.24028,0.0,0
72,Cáceres,10,646,Quercus suber con bornizo,VCC,2,1,90.86,0.0002086,0.0,0.0,0.0,0.0,0.0,0
72,Cáceres,10,646,Quercus suber con bornizo,VSC,2,7,-44.67,0.8945528,-0.0001033,0.0,0.0,0.0,0.0,0
72,Cáceres,10,646,Quercus suber con bornizo,IAVC,2,21,0.0,0.0,6.58689827723541e-05,-7.17655190223644e-08,0.0,0.0,0.0,0
72,Cáceres,10,646,Quercus suber con bornizo,VLE,2,12,0.0,0.0,0.0,0.0,1e-07,3.538,0.0,0
72,Cáceres,10,646,Quercus suber con bornizo,VCC,3,1,90.86,0.0002086,0.0,0.0,0.0,0.0,0.0,0
72,Cáceres,10,646,Quercus suber con bornizo,VSC,3,7,-44.67,0.8945528,-0.0001033,0.0,0.0,0.0,0.0,0
72,Cáceres,10,646,Quercus suber con bornizo,IAVC,3,21,0.0,0.0,6.58689827723541e-05,-7.17655190223644e-08,0.0,0.0,0.0,0
72,Cáceres,10,646,Quercus suber con bornizo,VLE,3,12,0.0,0.0,0.0,0.0,1e-07,3.538,0.0,0
72,Cáceres,10,646,Quercus suber con bornizo,VCC,4,1,26.4,0.0001679,0.0,0.0,0.0,0.0,0.0,0
72,Cáceres,10,646,Quercus suber con bornizo,VSC,4,7,-22.51,0.8700696,2.21e-05,0.0,0.0,0.0,0.0,0
72,Cáceres,10,646,Quercus suber con bornizo,IAVC,4,21,0.0,0.0,6.58689827723541e-05,-7.17655190223644e-08,0.0,0.0,0.0,0
72,Cáceres,10,646,Quercus suber con bornizo,VLE,4,12,0.0,0.0,0.0,0.0,1e-07,3.538,0.0,0
72,Cáceres,10,646,Quercus suber con bornizo,VCC,5,1,90.86,0.0002086,0.0,0.0,0.0,0.0,0.0,0
72,Cáceres,10,646,Quercus suber con bornizo,VSC,5,7,-44.67,0.8945528,-0.0001033,0.0,0.0,0.0,0.0,0
72,Cáceres,10,646,Quercus suber con bornizo,IAVC,5,21,0.0,0.0,6.58689827723541e-05,-7.17655190223644e-08,0.0,0.0,0.0,0
72,Cáceres,10,646,Quercus suber con bornizo,VLE,5,12,0.0,0.0,0.0,0.0,1e-07,3.538,0.0,0
72,Cáceres,10,746,Quercus suber descorchado solo en tronco,VCC,2,1,67.32,0.0002353,0.0,0.0,0.0,0.0,0.0,0
72,Cáceres,10,746,Quercus suber descorchado solo en tronco,VSC,2,7,-48.22,0.9598875,-8.45e-05,0.0,0.0,0.0,0.0,0
72,Cáceres,10,746,Quercus suber descorchado solo en tronco,IAVC,2,21,0.0,0.0,6.58689827723541e-05,-7.17655190223644e-08,0.0,0.0,0.0,0
72,Cáceres,10,746,Quercus suber descorchado solo en tronco,VLE,2,12,0.0,0.0,0.0,0.0,4.51e-05,2.56264,0.0,0
72,Cáceres,10,746,Quercus suber descorchado solo en tronco,VCC,3,1,67.32,0.0002353,0.0,0.0,0.0,0.0,0.0,0
72,Cáceres,10,746,Quercus suber descorchado solo en tronco,VSC,3,7,-48.22,0.9598875,-8.45e-05,0.0,0.0,0.0,0.0,0
72,Cáceres,10,746,Quercus suber descorchado solo en tronco,IAVC,3,21,0.0,0.0,6.58689827723541e-05,-7.17655190223644e-08,0.0,0.0,0.0,0
72,Cáceres,10,746,Quercus suber descorchado solo en tronco,VLE,3,12,0.0,0.0,0.0,0.0,4.51e-05,2.56264,0.0,0
72,Cáceres,10,746,Quercus suber descorchado solo en tronco,VCC,4,1,31.39,0.0001837,0.0,0.0,0.0,0.0,0.0,0
72,Cáceres,10,746,Quercus suber descorchado solo en tronco,VSC,4,7,-10.23,0.8379684,3.32e-05,0.0,0.0,0.0,0.0,0
72,Cáceres,10,746,Quercus suber descorchado solo en tronco,IAVC,4,21,0.0,0.0,6.58689827723541e-05,-7.17655190223644e-08,0.0,0.0,0.0,0
72,Cáceres,10,746,Quercus suber descorchado solo en tronco,VLE,4,12,0.0,0.0,0.0,0.0,4.51e-05,2.56264,0.0,0
72,Cáceres,10,746,Quercus suber descorchado solo en tronco,VCC,5,1,67.32,0.0002353,0.0,0.0,0.0,0.0,0.0,0
72,Cáceres,10,746,Quercus suber descorchado solo en tronco,VSC,5,7,-48.22,0.9598875,-8.45e-05,0.0,0.0,0.0,0.0,0
72,Cáceres,10,746,Quercus suber descorchado solo en tronco,IAVC,5,21,0.0,0.0,6.58689827723541e-05,-7.17655190223644e-08,0.0,0.0,0.0,0
72,Cáceres,10,746,Quercus suber descorchado solo en tronco,VLE,5,12,0.0,0.0,0.0,0.0,4.51e-05,2.56264,0.0,0
72,Cáceres,10,826,Pinus pinaster anteriormente resinado,VCC,1,1,23.37,0.0003167,0.0,0.0,0.0,0.0,0.0,0
72,Cáceres,10,826,Pinus pinaster anteriormente resinado,VSC,1,7,-9.2,0.6978928,3.46e-05,0.0,0.0,0.0,0.0,0
72,Cáceres,10,826,Pinus pinaster anteriormente resinado,IAVC,1,21,0.0,0.0,0.000276482798691555,-1.68949196448556e-07,0.0,0.0,0.0,0
72,Cáceres,10,826,Pinus pinaster anteriormente resinado,VLE,1,12,0.0,0.0,0.0,0.0,5.64e-05,2.24028,0.0,0
72,Cáceres,10,826,Pinus pinaster anteriormente resinado,VCC,2,1,23.37,0.0003167,0.0,0.0,0.0,0.0,0.0,0
72,Cáceres,10,826,Pinus pinaster anteriormente resinado,VSC,2,7,-9.2,0.6978928,3.46e-05,0.0,0.0,0.0,0.0,0
72,Cáceres,10,826,Pinus pinaster anteriormente resinado,IAVC,2,21,0.0,0.0,0.000276482798691555,-1.68949196448556e-07,0.0,0.0,0.0,0
72,Cáceres,10,826,Pinus pinaster anteriormente resinado,VLE,2,12,0.0,0.0,0.0,0.0,5.64e-05,2.24028,0.0,0
72,Cáceres,10,826,Pinus pinaster anteriormente resinado,VCC,3,1,7.29,0.0002596,0.0,0.0,0.0,0.0,0.0,0
72,Cáceres,10,826,Pinus pinaster anteriormente resinado,VSC,3,7,1.21,0.5732227,0.0002697,0.0,0.0,0.0,0.0,0
72,Cáceres,10,826,Pinus pinaster anteriormente resinado,IAVC,3,21,0.0,0.0,0.000276482798691555,-1.68949196448556e-07,0.0,0.0,0.0,0
72,Cáceres,10,826,Pinus pinaster anteriormente resinado,VLE,3,12,0.0,0.0,0.0,0.0,5.64e-05,2.24028,0.0,0
72,Cáceres,10,826,Pinus pinaster anteriormente resinado,VCC,5,1,38.41,0.000208,0.0,0.0,0.0,0.0,0.0,0
72,Cáceres,10,826,Pinus pinaster anteriormente resinado,VSC,5,7,-4.58,0.6540317,0.0001183,0.0,0.0,0.0,0.0,0
72,Cáceres,10,826,Pinus pinaster anteriormente resinado,IAVC,5,21,0.0,0.0,0.000276482798691555,-1.68949196448556e-07,0.0,0.0,0.0,0
72,Cáceres,10,826,Pinus pinaster anteriormente resinado,VLE,5,12,0.0,0.0,0.0,0.0,5.64e-05,2.24028,0.0,0
72,Cáceres,10,846,Quercus suber descorchado en tronco y ramas,VCC,2,1,108.84,0.0002272,0.0,0.0,0.0,0.0,0.0,0
72,Cáceres,10,846,Quercus suber descorchado en tronco y ramas,VSC,2,7,18.37,0.6900157,0.0001371,0.0,0.0,0.0,0.0,0
72,Cáceres,10,846,Quercus suber descorchado en tronco y ramas,IAVC,2,21,0.0,0.0,6.58689827723541e-05,-7.17655190223644e-08,0.0,0.0,0.0,0
72,Cáceres,10,846,Quercus suber descorchado en tronco y ramas,VLE,2,12,0.0,0.0,0.0,0.0,0.0007412,2.13951,0.0,0
72,Cáceres,10,846,Quercus suber descorchado en tronco y ramas,VCC,3,1,108.84,0.0002272,0.0,0.0,0.0,0.0,0.0,0
72,Cáceres,10,846,Quercus suber descorchado en tronco y ramas,VSC,3,7,18.37,0.6900157,0.0001371,0.0,0.0,0.0,0.0,0
72,Cáceres,10,846,Quercus suber descorchado en tronco y ramas,IAVC,3,21,0.0,0.0,6.58689827723541e-05,-7.17655190223644e-08,0.0,0.0,0.0,0
72,Cáceres,10,846,Quercus suber descorchado en tronco y ramas,VLE,3,12,0.0,0.0,0.0,0.0,0.0007412,2.13951,0.0,0
72,Cáceres,10,846,Quercus suber descorchado en tronco y ramas,VCC,4,1,70.35,0.0001441,0.0,0.0,0.0,0.0,0.0,0
72,Cáceres,10,846,Quercus suber descorchado en tronco y ramas,VSC,4,7,-12.35,0.86397,2.57e-05,0.0,0.0,0.0,0.0,0
72,Cáceres,10,846,Quercus suber descorchado en tronco y ramas,IAVC,4,21,0.0,0.0,6.58689827723541e-05,-7.17655190223644e-08,0.0,0.0,0.0,0
72,Cáceres,10,846,Quercus suber descorchado en tronco y ramas,VLE,4,12,0.0,0.0,0.0,0.0,0.0007412,2.13951,0.0,0
72,Cáceres,10,846,Quercus suber descorchado en tronco y ramas,VCC,5,1,108.84,0.0002272,0.0,0.0,0.0,0.0,0.0,0
72,Cáceres,10,846,Quercus suber descorchado en tronco y ramas,VSC,5,7,18.37,0.6900157,0.0001371,0.0,0.0,0.0,0.0,0
72,Cáceres,10,846,Quercus suber descorchado en tronco y ramas,IAVC,5,21,0.0,0.0,6.58689827723541e-05,-7.17655190223644e-08,0.0,0.0,0.0,0
72,Cáceres,10,846,Quercus suber descorchado en tronco y ramas,VLE,5,12,0.0,0.0,0.0,0.0,0.0007412,2.13951,0.0,0
72,Cáceres,10,946,Quercus suber anteriormente descorchado,VCC,2,1,90.86,0.0002086,0.0,0.0,0.0,0.0,0.0,0
72,Cáceres,10,946,Quercus suber anteriormente descorchado,VSC,2,7,-44.67,0.8945528,-0.0001033,0.0,0.0,0.0,0.0,0
72,Cáceres,10,946,Quercus suber anteriormente descorchado,IAVC,2,21,0.0,0.0,6.58689827723541e-05,-7.17655190223644e-08,0.0,0.0,0.0,0
72,Cáceres,10,946,Quercus suber anteriormente descorchado,VLE,2,12,0.0,0.0,0.0,0.0,1e-07,3.538,0.0,0
72,Cáceres,10,946,Quercus suber anteriormente descorchado,VCC,3,1,90.86,0.0002086,0.0,0.0,0.0,0.0,0.0,0
72,Cáceres,10,946,Quercus suber anteriormente descorchado,VSC,3,7,-44.67,0.8945528,-0.0001033,0.0,0.0,0.0,0.0,0
72,Cáceres,10,946,Quercus suber anteriormente descorchado,IAVC,3,21,0.0,0.0,6.58689827723541e-05,-7.17655190223644e-08,0.0,0.0,0.0,0
72,Cáceres,10,946,Quercus suber anteriormente descorchado,VLE,3,12,0.0,0.0,0.0,0.0,1e-07,3.538,0.0,0
72,Cáceres,10,946,Quercus suber anteriormente descorchado,VCC,4,1,26.4,0.0001679,0.0,0.0,0.0,0.0,0.0,0
72,Cáceres,10,946,Quercus suber anteriormente descorchado,VSC,4,7,-22.51,0.8700696,2.21e-05,0.0,0.0,0.0,0.0,0
72,Cáceres,10,946,Quercus suber anteriormente descorchado,IAVC,4,21,0.0,0.0,6.58689827723541e-05,-7.17655190223644e-08,0.0,0.0,0.0,0
72,Cáceres,10,946,Quercus suber anteriormente descorchado,VLE,4,12,0.0,0.0,0.0,0.0,1e-07,3.538,0.0,0
72,Cáceres,10,946,Quercus suber anteriormente descorchado,VCC,5,1,90.86,0.0002086,0.0,0.0,0.0,0.0,0.0,0
72,Cáceres,10,946,Quercus suber anteriormente descorchado,VSC,5,7,-44.67,0.8945528,-0.0001033,0.0,0.0,0.0,0.0,0
72,Cáceres,10,946,Quercus suber anteriormente descorchado,IAVC,5,21,0.0,0.0,6.58689827723541e-05,-7.17655190223644e-08,0.0,0.0,0.0,0
72,Cáceres,10,946,Quercus suber anteriormente descorchado,VLE,5,12,0.0,0.0,0.0,0.0,1e-07,3.538,0.0,0
72,Badajoz,06,16,Pyrus spp.,VCC,2,1,47.55,0.0001514,0.0,0.0,0.0,0.0,0.0,0
72,Badajoz,06,16,Pyrus spp.,VSC,2,7,-11.0,0.894814,-2.31e-05,0.0,0.0,0.0,0.0,0
72,Badajoz,06,16,Pyrus spp.,IAVC,2,21,0.0,0.0,8.35687106206054e-05,-1.27463195893234e-07,0.0,0.0,0.0,0
72,Badajoz,06,16,Pyrus spp.,VLE,2,12,0.0,0.0,0.0,0.0,3.63e-05,2.46992,0.0,0
72,Badajoz,06,16,Pyrus spp.,VCC,5,1,47.55,0.0001514,0.0,0.0,0.0,0.0,0.0,0
72,Badajoz,06,16,Pyrus spp.,VSC,5,7,-11.0,0.894814,-2.31e-05,0.0,0.0,0.0,0.0,0
72,Badajoz,06,16,Pyrus spp.,IAVC,5,21,0.0,0.0,8.35687106206054e-05,-1.27463195893234e-07,0.0,0.0,0.0,0
72,Badajoz,06,16,Pyrus spp.,VLE,5,12,0.0,0.0,0.0,0.0,3.63e-05,2.46992,0.0,0
72,Badajoz,06,23,Pinus pinea,VCC,2,1,22.1,0.0003225,0.0,0.0,0.0,0.0,0.0,0
72,Badajoz,06,23,Pinus pinea,VSC,2,7,-2.25,0.6504368,0.0002012,0.0,0.0,0.0,0.0,0
72,Badajoz,06,23,Pinus pinea,IAVC,2,21,0.0,0.0,0.000235815121915264,-2.20719330813332e-07,0.0,0.0,0.0,0
72,Badajoz,06,23,Pinus pinea,VLE,2,12,0.0,0.0,0.0,0.0,8e-07,3.04558,0.0,0
72,Badajoz,06,23,Pinus pinea,VCC,3,1,6.38,0.0003288,0.0,0.0,0.0,0.0,0.0,0
72,Badajoz,06,23,Pinus pinea,VSC,3,7,4.0,0.4257632,0.0022588,0.0,0.0,0.0,0.0,0
72,Badajoz,06,23,Pinus pinea,IAVC,3,21,0.0,0.0,0.000235815121915264,-2.20719330813332e-07,0.0,0.0,0.0,0
72,Badajoz,06,23,Pinus pinea,VLE,3,12,0.0,0.0,0.0,0.0,8e-07,3.04558,0.0,0
72,Badajoz,06,23,Pinus pinea,VCC,4,1,14.58,0.0002407,0.0,0.0,0.0,0.0,0.0,0
72,Badajoz,06,23,Pinus pinea,VSC,4,7,0.89,0.5498057,0.0009988,0.0,0.0,0.0,0.0,0
72,Badajoz,06,23,Pinus pinea,IAVC,4,21,0.0,0.0,0.000235815121915264,-2.20719330813332e-07,0.0,0.0,0.0,0
72,Badajoz,06,23,Pinus pinea,VLE,4,12,0.0,0.0,0.0,0.0,8e-07,3.04558,0.0,0
72,Badajoz,06,23,Pinus pinea,VCC,5,1,67.09,0.000234,0.0,0.0,0.0,0.0,0.0,0
72,Badajoz,06,23,Pinus pinea,VSC,5,7,-5.11,0.6400988,0.0003813,0.0,0.0,0.0,0.0,0
72,Badajoz,06,23,Pinus pinea,IAVC,5,21,0.0,0.0,0.000235815121915264,-2.20719330813332e-07,0.0,0.0,0.0,0
72,Badajoz,06,23,Pinus pinea,VLE,5,12,0.0,0.0,0.0,0.0,8e-07,3.04558,0.0,0
72,Badajoz,06,44,Quercus faginea,VCC,2,1,47.55,0.0001514,0.0,0.0,0.0,0.0,0.0,0
72,Badajoz,06,44,Quercus faginea,VSC,2,7,-11.0,0.894814,-2.31e-05,0.0,0.0,0.0,0.0,0
72,Badajoz,06,44,Quercus faginea,IAVC,2,21,0.0,0.0,7.23398676848907e-05,-7.64726412740849e-08,0.0,0.0,0.0,0
72,Badajoz,06,44,Quercus faginea,VLE,2,12,0.0,0.0,0.0,0.0,3.63e-05,2.46992,0.0,0
72,Badajoz,06,44,Quercus faginea,VCC,3,1,47.55,0.0001514,0.0,0.0,0.0,0.0,0.0,0
72,Badajoz,06,44,Quercus faginea,VSC,3,7,-11.0,0.894814,-2.31e-05,0.0,0.0,0.0,0.0,0
72,Badajoz,06,44,Quercus faginea,IAVC,3,21,0.0,0.0,7.23398676848907e-05,-7.64726412740849e-08,0.0,0.0,0.0,0
72,Badajoz,06,44,Quercus faginea,VLE,3,12,0.0,0.0,0.0,0.0,3.63e-05,2.46992,0.0,0
72,Badajoz,06,44,Quercus faginea,VCC,4,1,47.55,0.0001514,0.0,0.0,0.0,0.0,0.0,0
72,Badajoz,06,44,Quercus faginea,VSC,4,7,-11.0,0.894814,-2.31e-05,0.0,0.0,0.0,0.0,0
72,Badajoz,06,44,Quercus faginea,IAVC,4,21,0.0,0.0,7.23398676848907e-05,-7.64726412740849e-08,0.0,0.0,0.0,0
72,Badajoz,06,44,Quercus faginea,VLE,4,12,0.0,0.0,0.0,0.0,3.63e-05,2.46992,0.0,0
72,Badajoz,06,44,Quercus faginea,VCC,5,1,47.55,0.0001514,0.0,0.0,0.0,0.0,0.0,0
72,Badajoz,06,44,Quercus faginea,VSC,5,7,-11.0,0.894814,-2.31e-05,0.0,0.0,0.0,0.0,0
72,Badajoz,06,44,Quercus faginea,IAVC,5,21,0.0,0.0,7.23398676848907e-05,-7.64726412740849e-08,0.0,0.0,0.0,0
72,Badajoz,06,44,Quercus faginea,VLE,5,12,0.0,0.0,0.0,0.0,3.63e-05,2.46992,0.0,0
72,Badajoz,06,45,Quercus ilex,VCC,2,1,36.03,0.0001933,0.0,0.0,0.0,0.0,0.0,0
72,Badajoz,06,45,Quercus ilex,VSC,2,7,-9.63,0.8987267,2.85e-05,0.0,0.0,0.0,0.0,0
72,Badajoz,06,45,Quercus ilex,IAVC,2,21,0.0,0.0,4.14905764883287e-05,-3.5903833682903e-08,0.0,0.0,0.0,0
72,Badajoz,06,45,Quercus ilex,VLE,2,12,0.0,0.0,0.0,0.0,3.19e-05,2.56596,0.0,0
72,Badajoz,06,45,Quercus ilex,VCC,3,1,36.03,0.0001933,0.0,0.0,0.0,0.0,0.0,0
72,Badajoz,06,45,Quercus ilex,VSC,3,7,-9.63,0.8987267,2.85e-05,0.0,0.0,0.0,0.0,0
72,Badajoz,06,45,Quercus ilex,IAVC,3,21,0.0,0.0,4.14905764883287e-05,-3.5903833682903e-08,0.0,0.0,0.0,0
72,Badajoz,06,45,Quercus ilex,VLE,3,12,0.0,0.0,0.0,0.0,3.19e-05,2.56596,0.0,0
72,Badajoz,06,45,Quercus ilex,VCC,4,1,36.03,0.0001933,0.0,0.0,0.0,0.0,0.0,0
72,Badajoz,06,45,Quercus ilex,VSC,4,7,-9.63,0.8987267,2.85e-05,0.0,0.0,0.0,0.0,0
72,Badajoz,06,45,Quercus ilex,IAVC,4,21,0.0,0.0,4.14905764883287e-05,-3.5903833682903e-08,0.0,0.0,0.0,0
72,Badajoz,06,45,Quercus ilex,VLE,4,12,0.0,0.0,0.0,0.0,3.19e-05,2.56596,0.0,0
72,Badajoz,06,45,Quercus ilex,VCC,5,1,26.44,0.00023,0.0,0.0,0.0,0.0,0.0,0
72,Badajoz,06,45,Quercus ilex,VSC,5,7,-9.27,0.9037114,2.04e-05,0.0,0.0,0.0,0.0,0
72,Badajoz,06,45,Quercus ilex,IAVC,5,21,0.0,0.0,4.14905764883287e-05,-3.5903833682903e-08,0.0,0.0,0.0,0
72,Badajoz,06,45,Quercus ilex,VLE,5,12,0.0,0.0,0.0,0.0,3.19e-05,2.56596,0.0,0
72,Badajoz,06,61,Eucalyptus globulus,VCC,2,1,15.42,0.0002848,0.0,0.0,0.0,0.0,0.0,0
72,Badajoz,06,61,Eucalyptus globulus,VSC,2,7,-3.87,0.8003044,2.97e-05,0.0,0.0,0.0,0.0,0
72,Badajoz,06,61,Eucalyptus globulus,IAVC,2,21,0.0,0.0,8.023286192669e-05,2.3325737679513e-07,0.0,0.0,0.0,0
72,Badajoz,06,61,Eucalyptus globulus,VLE,2,12,0.0,0.0,0.0,0.0,0.0017465,1.73173,0.0,0
72,Badajoz,06,61,Eucalyptus globulus,VCC,3,1,28.06,0.0002257,0.0,0.0,0.0,0.0,0.0,0
72,Badajoz,06,61,Eucalyptus globulus,VSC,3,7,2.01,0.7099761,0.0002728,0.0,0.0,0.0,0.0,0
72,Badajoz,06,61,Eucalyptus globulus,IAVC,3,21,0.0,0.0,8.023286192669e-05,2.3325737679513e-07,0.0,0.0,0.0,0
72,Badajoz,06,61,Eucalyptus globulus,VLE,3,12,0.0,0.0,0.0,0.0,0.0017465,1.73173,0.0,0
72,Badajoz,06,61,Eucalyptus globulus,VCC,5,1,47.3,0.0001148,0.0,0.0,0.0,0.0,0.0,0
72,Badajoz,06,61,Eucalyptus globulus,VSC,5,7,1.65,0.7078699,0.0003566,0.0,0.0,0.0,0.0,0
72,Badajoz,06,61,Eucalyptus globulus,IAVC,5,21,0.0,0.0,8.023286192669e-05,2.3325737679513e-07,0.0,0.0,0.0,0
72,Badajoz,06,61,Eucalyptus globulus,VLE,5,12,0.0,0.0,0.0,0.0,0.0017465,1.73173,0.0,0
72,Badajoz,06,62,Eucalyptus camaldulensis,VCC,2,1,15.42,0.0002848,0.0,0.0,0.0,0.0,0.0,0
72,Badajoz,06,62,Eucalyptus camaldulensis,VSC,2,7,-3.87,0.8003044,2.97e-05,0.0,0.0,0.0,0.0,0
72,Badajoz,06,62,Eucalyptus camaldulensis,IAVC,2,21,0.0,0.0,8.023286192669e-05,2.3325737679513e-07,0.0,0.0,0.0,0
72,Badajoz,06,62,Eucalyptus camaldulensis,VLE,2,12,0.0,0.0,0.0,0.0,4.4e-05,2.39055,0.0,0
72,Badajoz,06,62,Eucalyptus camaldulensis,VCC,3,1,28.06,0.0002257,0.0,0.0,0.0,0.0,0.0,0
72,Badajoz,06,62,Eucalyptus camaldulensis,VSC,3,7,2.01,0.7099761,0.0002728,0.0,0.0,0.0,0.0,0
72,Badajoz,06,62,Eucalyptus camaldulensis,IAVC,3,21,0.0,0.0,8.023286192669e-05,2.3325737679513e-07,0.0,0.0,0.0,0
72,Badajoz,06,62,Eucalyptus camaldulensis,VLE,3,12,0.0,0.0,0.0,0.0,4.4e-05,2.39055,0.0,0
72,Badajoz,06,62,Eucalyptus camaldulensis,VCC,5,1,47.3,0.0001148,0.0,0.0,0.0,0.0,0.0,0
72,Badajoz,06,62,Eucalyptus camaldulensis,VSC,5,7,1.65,0.7078699,0.0003566,0.0,0.0,0.0,0.0,0
72,Badajoz,06,62,Eucalyptus camaldulensis,IAVC,5,21,0.0,0.0,8.023286192669e-05,2.3325737679513e-07,0.0,0.0,0.0,0
72,Badajoz,06,62,Eucalyptus camaldulensis,VLE,5,12,0.0,0.0,0.0,0.0,4.4e-05,2.39055,0.0,0
72,Badajoz,06,63,Otros eucaliptos,VCC,2,1,15.42,0.0002848,0.0,0.0,0.0,0.0,0.0,0
72,Badajoz,06,63,Otros eucaliptos,VSC,2,7,-3.87,0.8003044,2.97e-05,0.0,0.0,0.0,0.0,0
72,Badajoz,06,63,Otros eucaliptos,IAVC,2,21,0.0,0.0,8.023286192669e-05,2.3325737679513e-07,0.0,0.0,0.0,0
72,Badajoz,06,63,Otros eucaliptos,VLE,2,12,0.0,0.0,0.0,0.0,0.0017465,1.73173,0.0,0
72,Badajoz,06,63,Otros eucaliptos,VCC,3,1,28.06,0.0002257,0.0,0.0,0.0,0.0,0.0,0
72,Badajoz,06,63,Otros eucaliptos,VSC,3,7,2.01,0.7099761,0.0002728,0.0,0.0,0.0,0.0,0
72,Badajoz,06,63,Otros eucaliptos,IAVC,3,21,0.0,0.0,8.023286192669e-05,2.3325737679513e-07,0.0,0.0,0.0,0
72,Badajoz,06,63,Otros eucaliptos,VLE,3,12,0.0,0.0,0.0,0.0,0.0017465,1.73173,0.0,0
72,Badajoz,06,63,Otros eucaliptos,VCC,5,1,47.3,0.0001148,0.0,0.0,0.0,0.0,0.0,0
72,Badajoz,06,63,Otros eucaliptos,VSC,5,7,1.65,0.7078699,0.0003566,0.0,0.0,0.0,0.0,0
72,Badajoz,06,63,Otros eucaliptos,IAVC,5,21,0.0,0.0,8.023286192669e-05,2.3325737679513e-07,0.0,0.0,0.0,0
72,Badajoz,06,63,Otros eucaliptos,VLE,5,12,0.0,0.0,0.0,0.0,0.0017465,1.73173,0.0,0
72,Badajoz,06,66,Olea europaea,VCC,3,1,13.14,0.0002358,0.0,0.0,0.0,0.0,0.0,0
72,Badajoz,06,66,Olea europaea,VSC,3,7,-3.02,0.8503336,0.000113,0.0,0.0,0.0,0.0,0
72,Badajoz,06,66,Olea europaea,IAVC,3,21,0.0,0.0,8.35687106206054e-05,-1.27463195893234e-07,0.0,0.0,0.0,0
72,Badajoz,06,66,Olea europaea,VLE,3,12,0.0,0.0,0.0,0.0,0.0090069,1.42613,0.0,0
72,Badajoz,06,66,Olea europaea,VCC,4,1,13.14,0.0002358,0.0,0.0,0.0,0.0,0.0,0
72,Badajoz,06,66,Olea europaea,VSC,4,7,-3.02,0.8503336,0.000113,0.0,0.0,0.0,0.0,0
72,Badajoz,06,66,Olea europaea,IAVC,4,21,0.0,0.0,8.35687106206054e-05,-1.27463195893234e-07,0.0,0.0,0.0,0
72,Badajoz,06,66,Olea europaea,VLE,4,12,0.0,0.0,0.0,0.0,0.0090069,1.42613,0.0,0
72,Badajoz,06,66,Olea europaea,VCC,5,1,13.14,0.0002358,0.0,0.0,0.0,0.0,0.0,0
72,Badajoz,06,66,Olea europaea,VSC,5,7,-3.02,0.8503336,0.000113,0.0,0.0,0.0,0.0,0
72,Badajoz,06,66,Olea europaea,IAVC,5,21,0.0,0.0,8.35687106206054e-05,-1.27463195893234e-07,0.0,0.0,0.0,0
72,Badajoz,06,66,Olea europaea,VLE,5,12,0.0,0.0,0.0,0.0,0.0090069,1.42613,0.0,0
72,Badajoz,06,72,Castanea sativa,VCC,2,1,82.21,0.000143,0.0,0.0,0.0,0.0,0.0,0
72,Badajoz,06,72,Castanea sativa,VSC,2,7,-1.1,0.8314799,2.79e-05,0.0,0.0,0.0,0.0,0
72,Badajoz,06,72,Castanea sativa,IAVC,2,21,0.0,0.0,7.18105004525826e-05,-5.68003990738025e-08,0.0,0.0,0.0,0
72,Badajoz,06,72,Castanea sativa,VLE,2,12,0.0,0.0,0.0,0.0,2.12e-05,2.52613,0.0,0
72,Badajoz,06,72,Castanea sativa,VCC,3,1,82.21,0.000143,0.0,0.0,0.0,0.0,0.0,0
72,Badajoz,06,72,Castanea sativa,VSC,3,7,-1.1,0.8314799,2.79e-05,0.0,0.0,0.0,0.0,0
72,Badajoz,06,72,Castanea sativa,IAVC,3,21,0.0,0.0,7.18105004525826e-05,-5.68003990738025e-08,0.0,0.0,0.0,0
72,Badajoz,06,72,Castanea sativa,VLE,3,12,0.0,0.0,0.0,0.0,2.12e-05,2.52613,0.0,0
72,Badajoz,06,72,Castanea sativa,VCC,4,1,82.21,0.000143,0.0,0.0,0.0,0.0,0.0,0
72,Badajoz,06,72,Castanea sativa,VSC,4,7,-1.1,0.8314799,2.79e-05,0.0,0.0,0.0,0.0,0
72,Badajoz,06,72,Castanea sativa,IAVC,4,21,0.0,0.0,7.18105004525826e-05,-5.68003990738025e-08,0.0,0.0,0.0,0
72,Badajoz,06,72,Castanea sativa,VLE,4,12,0.0,0.0,0.0,0.0,2.12e-05,2.52613,0.0,0
72,Badajoz,06,72,Castanea sativa,VCC,5,1,82.21,0.000143,0.0,0.0,0.0,0.0,0.0,0
72,Badajoz,06,72,Castanea sativa,VSC,5,7,-1.1,0.8314799,2.79e-05,0.0,0.0,0.0,0.0,0
72,Badajoz,06,72,Castanea sativa,IAVC,5,21,0.0,0.0,7.18105004525826e-05,-5.68003990738025e-08,0.0,0.0,0.0,0
72,Badajoz,06,72,Castanea sativa,VLE,5,12,0.0,0.0,0.0,0.0,2.12e-05,2.52613,0.0,0
72,Badajoz,06,72,Castanea sativa,VCC,6,1,82.21,0.000143,0.0,0.0,0.0,0.0,0.0,0
72,Badajoz,06,72,Castanea sativa,VSC,6,7,-1.1,0.8314799,2.79e-05,0.0,0.0,0.0,0.0,0
72,Badajoz,06,72,Castanea sativa,IAVC,6,21,0.0,0.0,7.18105004525826e-05,-5.68003990738025e-08,0.0,0.0,0.0,0
72,Badajoz,06,72,Castanea sativa,VLE,6,12,0.0,0.0,0.0,0.0,2.12e-05,2.52613,0.0,0
72,Badajoz,06,299,Ficus carica,VCC,5,1,109.53,0.0001481,0.0,0.0,0.0,0.0,0.0,0
72,Badajoz,06,299,Ficus carica,VSC,5,7,-4.94,0.8041414,1.86e-05,0.0,0.0,0.0,0.0,0
72,Badajoz,06,299,Ficus carica,IAVC,5,21,0.0,0.0,8.35687106206054e-05,-1.27463195893234e-07,0.0,0.0,0.0,0
72,Badajoz,06,299,Ficus carica,VLE,5,12,0.0,0.0,0.0,0.0,0.0090069,1.42613,0.0,0
72,Badajoz,06,499,Morus alba,VCC,3,1,109.53,0.0001481,0.0,0.0,0.0,0.0,0.0,0
72,Badajoz,06,499,Morus alba,VSC,3,7,-4.94,0.8041414,1.86e-05,0.0,0.0,0.0,0.0,0
72,Badajoz,06,499,Morus alba,IAVC,3,21,0.0,0.0,0.000155666178267029,-1.33128377917321e-07,0.0,0.0,0.0,0
72,Badajoz,06,499,Morus alba,VLE,3,12,0.0,0.0,0.0,0.0,0.0010626,1.85153,0.0,0
72,Badajoz,06,499,Morus alba,VCC,5,1,109.53,0.0001481,0.0,0.0,0.0,0.0,0.0,0
72,Badajoz,06,499,Morus alba,VSC,5,7,-4.94,0.8041414,1.86e-05,0.0,0.0,0.0,0.0,0
72,Badajoz,06,499,Morus alba,IAVC,5,21,0.0,0.0,0.000155666178267029,-1.33128377917321e-07,0.0,0.0,0.0,0
72,Badajoz,06,499,Morus alba,VLE,5,12,0.0,0.0,0.0,0.0,0.0010626,1.85153,0.0,0
72,Badajoz,06,626,Pinus pinaster sin resinación,VCC,1,1,20.27,0.0003218,0.0,0.0,0.0,0.0,0.0,0
72,Badajoz,06,626,Pinus pinaster sin resinación,VSC,1,7,-4.1,0.6227153,8.09e-05,0.0,0.0,0.0,0.0,0
72,Badajoz,06,626,Pinus pinaster sin resinación,IAVC,1,21,0.0,0.0,0.000276482798691555,-1.68949196448556e-07,0.0,0.0,0.0,0
72,Badajoz,06,626,Pinus pinaster sin resinación,VLE,1,12,0.0,0.0,0.0,0.0,5.64e-05,2.24028,0.0,0
72,Badajoz,06,626,Pinus pinaster sin resinación,VCC,2,1,20.27,0.0003218,0.0,0.0,0.0,0.0,0.0,0
72,Badajoz,06,626,Pinus pinaster sin resinación,VSC,2,7,-4.1,0.6227153,8.09e-05,0.0,0.0,0.0,0.0,0
72,Badajoz,06,626,Pinus pinaster sin resinación,IAVC,2,21,0.0,0.0,0.000276482798691555,-1.68949196448556e-07,0.0,0.0,0.0,0
72,Badajoz,06,626,Pinus pinaster sin resinación,VLE,2,12,0.0,0.0,0.0,0.0,5.64e-05,2.24028,0.0,0
72,Badajoz,06,626,Pinus pinaster sin resinación,VCC,3,1,20.27,0.0003218,0.0,0.0,0.0,0.0,0.0,0
72,Badajoz,06,626,Pinus pinaster sin resinación,VSC,3,7,-4.1,0.6227153,8.09e-05,0.0,0.0,0.0,0.0,0
72,Badajoz,06,626,Pinus pinaster sin resinación,IAVC,3,21,0.0,0.0,0.000276482798691555,-1.68949196448556e-07,0.0,0.0,0.0,0
72,Badajoz,06,626,Pinus pinaster sin resinación,VLE,3,12,0.0,0.0,0.0,0.0,5.64e-05,2.24028,0.0,0
72,Badajoz,06,626,Pinus pinaster sin resinación,VCC,5,1,20.27,0.0003218,0.0,0.0,0.0,0.0,0.0,0
72,Badajoz,06,626,Pinus pinaster sin resinación,VSC,5,7,-4.1,0.6227153,8.09e-05,0.0,0.0,0.0,0.0,0
72,Badajoz,06,626,Pinus pinaster sin resinación,IAVC,5,21,0.0,0.0,0.000276482798691555,-1.68949196448556e-07,0.0,0.0,0.0,0
72,Badajoz,06,626,Pinus pinaster sin resinación,VLE,5,12,0.0,0.0,0.0,0.0,5.64e-05,2.24028,0.0,0
72,Badajoz,06,646,Quercus suber con bornizo,VCC,2,1,18.4,0.0001901,0.0,0.0,0.0,0.0,0.0,0
72,Badajoz,06,646,Quercus suber con bornizo,VSC,2,7,-5.13,0.6946754,0.0001502,0.0,0.0,0.0,0.0,0
72,Badajoz,06,646,Quercus suber con bornizo,IAVC,2,21,0.0,0.0,6.58689827723541e-05,-7.17655190223644e-08,0.0,0.0,0.0,0
72,Badajoz,06,646,Quercus suber con bornizo,VLE,2,12,0.0,0.0,0.0,0.0,1e-07,3.538,0.0,0
72,Badajoz,06,646,Quercus suber con bornizo,VCC,3,1,18.4,0.0001901,0.0,0.0,0.0,0.0,0.0,0
72,Badajoz,06,646,Quercus suber con bornizo,VSC,3,7,-5.13,0.6946754,0.0001502,0.0,0.0,0.0,0.0,0
72,Badajoz,06,646,Quercus suber con bornizo,IAVC,3,21,0.0,0.0,6.58689827723541e-05,-7.17655190223644e-08,0.0,0.0,0.0,0
72,Badajoz,06,646,Quercus suber con bornizo,VLE,3,12,0.0,0.0,0.0,0.0,1e-07,3.538,0.0,0
72,Badajoz,06,646,Quercus suber con bornizo,VCC,4,1,18.4,0.0001901,0.0,0.0,0.0,0.0,0.0,0
72,Badajoz,06,646,Quercus suber con bornizo,VSC,4,7,-5.13,0.6946754,0.0001502,0.0,0.0,0.0,0.0,0
72,Badajoz,06,646,Quercus suber con bornizo,IAVC,4,21,0.0,0.0,6.58689827723541e-05,-7.17655190223644e-08,0.0,0.0,0.0,0
72,Badajoz,06,646,Quercus suber con bornizo,VLE,4,12,0.0,0.0,0.0,0.0,1e-07,3.538,0.0,0
72,Badajoz,06,646,Quercus suber con bornizo,VCC,5,1,100.97,0.000205,0.0,0.0,0.0,0.0,0.0,0
72,Badajoz,06,646,Quercus suber con bornizo,VSC,5,7,-41.15,0.8219489,3.72e-05,0.0,0.0,0.0,0.0,0
72,Badajoz,06,646,Quercus suber con bornizo,IAVC,5,21,0.0,0.0,6.58689827723541e-05,-7.17655190223644e-08,0.0,0.0,0.0,0
72,Badajoz,06,646,Quercus suber con bornizo,VLE,5,12,0.0,0.0,0.0,0.0,1e-07,3.538,0.0,0
72,Badajoz,06,746,Quercus suber descorchado solo en tronco,VCC,2,1,21.9,0.0002046,0.0,0.0,0.0,0.0,0.0,0
72,Badajoz,06,746,Quercus suber descorchado solo en tronco,VSC,2,7,-0.66,0.7371733,0.0001733,0.0,0.0,0.0,0.0,0
72,Badajoz,06,746,Quercus suber descorchado solo en tronco,IAVC,2,21,0.0,0.0,6.58689827723541e-05,-7.17655190223644e-08,0.0,0.0,0.0,0
72,Badajoz,06,746,Quercus suber descorchado solo en tronco,VLE,2,12,0.0,0.0,0.0,0.0,4.51e-05,2.56264,0.0,0
72,Badajoz,06,746,Quercus suber descorchado solo en tronco,VCC,3,1,21.9,0.0002046,0.0,0.0,0.0,0.0,0.0,0
72,Badajoz,06,746,Quercus suber descorchado solo en tronco,VSC,3,7,-0.66,0.7371733,0.0001733,0.0,0.0,0.0,0.0,0
72,Badajoz,06,746,Quercus suber descorchado solo en tronco,IAVC,3,21,0.0,0.0,6.58689827723541e-05,-7.17655190223644e-08,0.0,0.0,0.0,0
72,Badajoz,06,746,Quercus suber descorchado solo en tronco,VLE,3,12,0.0,0.0,0.0,0.0,4.51e-05,2.56264,0.0,0
72,Badajoz,06,746,Quercus suber descorchado solo en tronco,VCC,4,1,21.9,0.0002046,0.0,0.0,0.0,0.0,0.0,0
72,Badajoz,06,746,Quercus suber descorchado solo en tronco,VSC,4,7,-0.66,0.7371733,0.0001733,0.0,0.0,0.0,0.0,0
72,Badajoz,06,746,Quercus suber descorchado solo en tronco,IAVC,4,21,0.0,0.0,6.58689827723541e-05,-7.17655190223644e-08,0.0,0.0,0.0,0
72,Badajoz,06,746,Quercus suber descorchado solo en tronco,VLE,4,12,0.0,0.0,0.0,0.0,4.51e-05,2.56264,0.0,0
72,Badajoz,06,746,Quercus suber descorchado solo en tronco,VCC,5,1,73.97,0.0002162,0.0,0.0,0.0,0.0,0.0,0
72,Badajoz,06,746,Quercus suber descorchado solo en tronco,VSC,5,7,-33.88,0.9075703,2.14e-05,0.0,0.0,0.0,0.0,0
72,Badajoz,06,746,Quercus suber descorchado solo en tronco,IAVC,5,21,0.0,0.0,6.58689827723541e-05,-7.17655190223644e-08,0.0,0.0,0.0,0
72,Badajoz,06,746,Quercus suber descorchado solo en tronco,VLE,5,12,0.0,0.0,0.0,0.0,4.51e-05,2.56264,0.0,0
72,Badajoz,06,826,Pinus pinaster anteriormente resinado,VCC,1,1,20.27,0.0003218,0.0,0.0,0.0,0.0,0.0,0
72,Badajoz,06,826,Pinus pinaster anteriormente resinado,VSC,1,7,-4.1,0.6227153,8.09e-05,0.0,0.0,0.0,0.0,0
72,Badajoz,06,826,Pinus pinaster anteriormente resinado,IAVC,1,21,0.0,0.0,0.000276482798691555,-1.68949196448556e-07,0.0,0.0,0.0,0
72,Badajoz,06,826,Pinus pinaster anteriormente resinado,VLE,1,12,0.0,0.0,0.0,0.0,5.64e-05,2.24028,0.0,0
72,Badajoz,06,826,Pinus pinaster anteriormente resinado,VCC,2,1,20.27,0.0003218,0.0,0.0,0.0,0.0,0.0,0
72,Badajoz,06,826,Pinus pinaster anteriormente resinado,VSC,2,7,-4.1,0.6227153,8.09e-05,0.0,0.0,0.0,0.0,0
72,Badajoz,06,826,Pinus pinaster anteriormente resinado,IAVC,2,21,0.0,0.0,0.000276482798691555,-1.68949196448556e-07,0.0,0.0,0.0,0
72,Badajoz,06,826,Pinus pinaster anteriormente resinado,VLE,2,12,0.0,0.0,0.0,0.0,5.64e-05,2.24028,0.0,0
72,Badajoz,06,826,Pinus pinaster anteriormente resinado,VCC,3,1,20.27,0.0003218,0.0,0.0,0.0,0.0,0.0,0
72,Badajoz,06,826,Pinus pinaster anteriormente resinado,VSC,3,7,-4.1,0.6227153,8.09e-05,0.0,0.0,0.0,0.0,0
72,Badajoz,06,826,Pinus pinaster anteriormente resinado,IAVC,3,21,0.0,0.0,0.000276482798691555,-1.68949196448556e-07,0.0,0.0,0.0,0
72,Badajoz,06,826,Pinus pinaster anteriormente resinado,VLE,3,12,0.0,0.0,0.0,0.0,5.64e-05,2.24028,0.0,0
72,Badajoz,06,826,Pinus pinaster anteriormente resinado,VCC,5,1,20.27,0.0003218,0.0,0.0,0.0,0.0,0.0,0
72,Badajoz,06,826,Pinus pinaster anteriormente resinado,VSC,5,7,-4.1,0.6227153,8.09e-05,0.0,0.0,0.0,0.0,0
72,Badajoz,06,826,Pinus pinaster anteriormente resinado,IAVC,5,21,0.0,0.0,0.000276482798691555,-1.68949196448556e-07,0.0,0.0,0.0,0
72,Badajoz,06,826,Pinus pinaster anteriormente resinado,VLE,5,12,0.0,0.0,0.0,0.0,5.64e-05,2.24028,0.0,0
72,Badajoz,06,846,Quercus suber descorchado en tronco y ramas,VCC,2,1,24.54,0.0001898,0.0,0.0,0.0,0.0,0.0,0
72,Badajoz,06,846,Quercus suber descorchado en tronco y ramas,VSC,2,7,-14.06,0.8689687,3.76e-05,0.0,0.0,0.0,0.0,0
72,Badajoz,06,846,Quercus suber descorchado en tronco y ramas,IAVC,2,21,0.0,0.0,6.58689827723541e-05,-7.17655190223644e-08,0.0,0.0,0.0,0
72,Badajoz,06,846,Quercus suber descorchado en tronco y ramas,VLE,2,12,0.0,0.0,0.0,0.0,0.0007412,2.13951,0.0,0
72,Badajoz,06,846,Quercus suber descorchado en tronco y ramas,VCC,3,1,24.54,0.0001898,0.0,0.0,0.0,0.0,0.0,0
72,Badajoz,06,846,Quercus suber descorchado en tronco y ramas,VSC,3,7,-14.06,0.8689687,3.76e-05,0.0,0.0,0.0,0.0,0
72,Badajoz,06,846,Quercus suber descorchado en tronco y ramas,IAVC,3,21,0.0,0.0,6.58689827723541e-05,-7.17655190223644e-08,0.0,0.0,0.0,0
72,Badajoz,06,846,Quercus suber descorchado en tronco y ramas,VLE,3,12,0.0,0.0,0.0,0.0,0.0007412,2.13951,0.0,0
72,Badajoz,06,846,Quercus suber descorchado en tronco y ramas,VCC,4,1,24.54,0.0001898,0.0,0.0,0.0,0.0,0.0,0
72,Badajoz,06,846,Quercus suber descorchado en tronco y ramas,VSC,4,7,-14.06,0.8689687,3.76e-05,0.0,0.0,0.0,0.0,0
72,Badajoz,06,846,Quercus suber descorchado en tronco y ramas,IAVC,4,21,0.0,0.0,6.58689827723541e-05,-7.17655190223644e-08,0.0,0.0,0.0,0
72,Badajoz,06,846,Quercus suber descorchado en tronco y ramas,VLE,4,12,0.0,0.0,0.0,0.0,0.0007412,2.13951,0.0,0
72,Badajoz,06,846,Quercus suber descorchado en tronco y ramas,VCC,5,1,24.54,0.0001898,0.0,0.0,0.0,0.0,0.0,0
72,Badajoz,06,846,Quercus suber descorchado en tronco y ramas,VSC,5,7,-14.06,0.8689687,3.76e-05,0.0,0.0,0.0,0.0,0
72,Badajoz,06,846,Quercus suber descorchado en tronco y ramas,IAVC,5,21,0.0,0.0,6.58689827723541e-05,-7.17655190223644e-08,0.0,0.0,0.0,0
72,Badajoz,06,846,Quercus suber descorchado en tronco y ramas,VLE,5,12,0.0,0.0,0.0,0.0,0.0007412,2.13951,0.0,0
72,Badajoz,06,946,Quercus suber anteriormente descorchado,VCC,2,1,18.4,0.0001901,0.0,0.0,0.0,0.0,0.0,0
72,Badajoz,06,946,Quercus suber anteriormente descorchado,VSC,2,7,-5.13,0.6946754,0.0001502,0.0,0.0,0.0,0.0,0
72,Badajoz,06,946,Quercus suber anteriormente descorchado,IAVC,2,21,0.0,0.0,6.58689827723541e-05,-7.17655190223644e-08,0.0,0.0,0.0,0
72,Badajoz,06,946,Quercus suber anteriormente descorchado,VLE,2,12,0.0,0.0,0.0,0.0,1e-07,3.538,0.0,0
72,Badajoz,06,946,Quercus suber anteriormente descorchado,VCC,3,1,18.4,0.0001901,0.0,0.0,0.0,0.0,0.0,0
72,Badajoz,06,946,Quercus suber anteriormente descorchado,VSC,3,7,-5.13,0.6946754,0.0001502,0.0,0.0,0.0,0.0,0
72,Badajoz,06,946,Quercus suber anteriormente descorchado,IAVC,3,21,0.0,0.0,6.58689827723541e-05,-7.17655190223644e-08,0.0,0.0,0.0,0
72,Badajoz,06,946,Quercus suber anteriormente descorchado,VLE,3,12,0.0,0.0,0.0,0.0,1e-07,3.538,0.0,0
72,Badajoz,06,946,Quercus suber anteriormente descorchado,VCC,4,1,18.4,0.0001901,0.0,0.0,0.0,0.0,0.0,0
72,Badajoz,06,946,Quercus suber anteriormente descorchado,VSC,4,7,-5.13,0.6946754,0.0001502,0.0,0.0,0.0,0.0,0
72,Badajoz,06,946,Quercus suber anteriormente descorchado,IAVC,4,21,0.0,0.0,6.58689827723541e-05,-7.17655190223644e-08,0.0,0.0,0.0,0
72,Badajoz,06,946,Quercus suber anteriormente descorchado,VLE,4,12,0.0,0.0,0.0,0.0,1e-07,3.538,0.0,0
72,Badajoz,06,946,Quercus suber anteriormente descorchado,VCC,5,1,100.97,0.000205,0.0,0.0,0.0,0.0,0.0,0
72,Badajoz,06,946,Quercus suber anteriormente descorchado,VSC,5,7,-41.15,0.8219489,3.72e-05,0.0,0.0,0.0,0.0,0
72,Badajoz,06,946,Quercus suber anteriormente descorchado,IAVC,5,21,0.0,0.0,6.58689827723541e-05,-7.17655190223644e-08,0.0,0.0,0.0,0
72,Badajoz,06,946,Quercus suber anteriormente descorchado,VLE,5,12,0.0,0.0,0.0,0.0,1e-07,3.538,0.0,0
72,-,-,307,Acacia dealbata,VCC,5,1,13.14,0.0002358,0.0,0.0,0.0,0.0,0.0,0
72,-,-,307,Acacia dealbata,VSC,5,7,-4.94,0.8041414,1.86e-05,0.0,0.0,0.0,0.0,0
72,-,-,307,Acacia dealbata,IAVC,5,21,0.0,0.0,0.000155666178267029,-1.33128377917321e-07,0.0,0.0,0.0,0
72,-,-,307,Acacia dealbata,VLE,5,12,0.0,0.0,0.0,0.0,0.0090069,1.42613,0.0,0
72,-,-,8,Phillyrea latifolia,VCC,5,1,13.14,0.0002358,0.0,0.0,0.0,0.0,0.0,0
72,-,-,8,Phillyrea latifolia,VSC,5,7,-4.94,0.8041414,1.86e-05,0.0,0.0,0.0,0.0,0
72,-,-,8,Phillyrea latifolia,IAVC,5,21,0.0,0.0,8.35687106206054e-05,-1.27463195893234e-07,0.0,0.0,0.0,0
72,-,-,8,Phillyrea latifolia,VLE,5,12,0.0,0.0,0.0,0.0,0.0016601,1.7736,0.0,0
72,-,-,11,Ailanthus altissima,VCC,3,1,109.53,0.0001481,0.0,0.0,0.0,0.0,0.0,0
72,-,-,11,Ailanthus altissima,VSC,3,7,-4.94,0.8041414,1.86e-05,0.0,0.0,0.0,0.0,0
72,-,-,11,Ailanthus altissima,IAVC,3,21,0.0,0.0,0.000155666178267029,-1.33128377917321e-07,0.0,0.0,0.0,0
72,-,-,11,Ailanthus altissima,VLE,3,12,0.0,0.0,0.0,0.0,1.27e-05,2.57913,0.0,0
72,-,-,13,Celtis australis,VCC,5,1,13.14,0.0002358,0.0,0.0,0.0,0.0,0.0,0
72,-,-,13,Celtis australis,VSC,5,7,-3.02,0.8503336,0.000113,0.0,0.0,0.0,0.0,0
72,-,-,13,Celtis australis,IAVC,5,21,0.0,0.0,0.000155666178267029,-1.33128377917321e-07,0.0,0.0,0.0,0
72,-,-,13,Celtis australis,VLE,5,12,0.0,0.0,0.0,0.0,0.0090069,1.42613,0.0,0
72,-,-,215,Crataegus monogyna,VCC,5,1,13.14,0.0002358,0.0,0.0,0.0,0.0,0.0,0
72,-,-,215,Crataegus monogyna,VSC,5,7,-4.94,0.8041414,1.86e-05,0.0,0.0,0.0,0.0,0
72,-,-,215,Crataegus monogyna,IAVC,5,21,0.0,0.0,8.35687106206054e-05,-1.27463195893234e-07,0.0,0.0,0.0,0
72,-,-,215,Crataegus monogyna,VLE,5,12,0.0,0.0,0.0,0.0,0.0090069,1.42613,0.0,0
72,-,-,217,Cedrus deodara,VCC,2,1,20.27,0.0003218,0.0,0.0,0.0,0.0,0.0,0
72,-,-,217,Cedrus deodara,VSC,2,7,-4.1,0.6227153,8.09e-05,0.0,0.0,0.0,0.0,0
72,-,-,217,Cedrus deodara,IAVC,2,21,0.0,0.0,0.000502567361081951,-5.95492766827199e-07,0.0,0.0,0.0,0
72,-,-,217,Cedrus deodara,VLE,2,12,0.0,0.0,0.0,0.0,5.64e-05,2.24028,0.0,0
72,-,-,21,Pinus sylvestris,VCC,2,1,46.83,0.0003123,0.0,0.0,0.0,0.0,0.0,0
72,-,-,21,Pinus sylvestris,VSC,2,7,-9.89,0.862627,1.21e-05,0.0,0.0,0.0,0.0,0
72,-,-,21,Pinus sylvestris,IAVC,2,21,0.0,0.0,0.000502567361081951,-5.95492766827199e-07,0.0,0.0,0.0,0
72,-,-,21,Pinus sylvestris,VLE,2,12,0.0,0.0,0.0,0.0,0.0001194,2.14645,0.0,0
72,-,-,21,Pinus sylvestris,VCC,3,1,4.48,0.0002828,0.0,0.0,0.0,0.0,0.0,0
72,-,-,21,Pinus sylvestris,VSC,3,7,-0.17,0.7481381,0.0006027,0.0,0.0,0.0,0.0,0
72,-,-,21,Pinus sylvestris,IAVC,3,21,0.0,0.0,0.000502567361081951,-5.95492766827199e-07,0.0,0.0,0.0,0
72,-,-,21,Pinus sylvestris,VLE,3,12,0.0,0.0,0.0,0.0,0.0001194,2.14645,0.0,0
72,-,-,25,Pinus nigra,VCC,2,11,0.0,0.0,0.0,0.0,0.0004554,1.99576,0.92676,0
72,-,-,25,Pinus nigra,VSC,2,7,-15.18,0.7593746,9e-06,0.0,0.0,0.0,0.0,0
72,-,-,25,Pinus nigra,IAVC,2,21,0.0,0.0,0.000502567361081951,-5.95492766827199e-07,0.0,0.0,0.0,0
72,-,-,25,Pinus nigra,VLE,2,12,0.0,0.0,0.0,0.0,2.5e-05,2.41169,0.0,0
72,-,-,25,Pinus nigra,VCC,3,11,0.0,0.0,0.0,0.0,0.0006238,2.1297,0.28354,0
72,-,-,25,Pinus nigra,VSC,3,7,0.74,0.6205656,0.0004244,0.0,0.0,0.0,0.0,0
72,-,-,25,Pinus nigra,IAVC,3,21,0.0,0.0,0.000502567361081951,-5.95492766827199e-07,0.0,0.0,0.0,0
72,-,-,25,Pinus nigra,VLE,3,12,0.0,0.0,0.0,0.0,2.5e-05,2.41169,0.0,0
72,-,-,726,Pinus pinaster resinados actualmente por el método de pica de corteza,VCC,1,1,23.37,0.0003167,0.0,0.0,0.0,0.0,0.0,0
72,-,-,726,Pinus pinaster resinados actualmente por el método de pica de corteza,VSC,1,7,-9.2,0.6978928,3.46e-05,0.0,0.0,0.0,0.0,0
72,-,-,726,Pinus pinaster resinados actualmente por el método de pica de corteza,IAVC,1,21,0.0,0.0,0.000276482798691555,-1.68949196448556e-07,0.0,0.0,0.0,0
72,-,-,726,Pinus pinaster resinados actualmente por el método de pica de corteza,VLE,1,12,0.0,0.0,0.0,0.0,0.0027646,1.54965,0.0,0
72,-,-,726,Pinus pinaster resinados actualmente por el método de pica de corteza,VCC,2,1,23.37,0.0003167,0.0,0.0,0.0,0.0,0.0,0
72,-,-,726,Pinus pinaster resinados actualmente por el método de pica de corteza,VSC,2,7,-9.2,0.6978928,3.46e-05,0.0,0.0,0.0,0.0,0
72,-,-,726,Pinus pinaster resinados actualmente por el método de pica de corteza,IAVC,2,21,0.0,0.0,0.000276482798691555,-1.68949196448556e-07,0.0,0.0,0.0,0
72,-,-,726,Pinus pinaster resinados actualmente por el método de pica de corteza,VLE,2,12,0.0,0.0,0.0,0.0,0.0027646,1.54965,0.0,0
72,-,-,726,Pinus pinaster resinados actualmente por el método de pica de corteza,VCC,3,1,7.29,0.0002596,0.0,0.0,0.0,0.0,0.0,0
72,-,-,726,Pinus pinaster resinados actualmente por el método de pica de corteza,VSC,3,7,1.21,0.5732227,0.0002697,0.0,0.0,0.0,0.0,0
72,-,-,726,Pinus pinaster resinados actualmente por el método de pica de corteza,IAVC,3,21,0.0,0.0,0.000276482798691555,-1.68949196448556e-07,0.0,0.0,0.0,0
72,-,-,726,Pinus pinaster resinados actualmente por el método de pica de corteza,VLE,3,12,0.0,0.0,0.0,0.0,0.0027646,1.54965,0.0,0
72,-,-,726,Pinus pinaster resinados actualmente por el método de pica de corteza,VCC,5,1,7.29,0.0002596,0.0,0.0,0.0,0.0,0.0,0
72,-,-,726,Pinus pinaster resinados actualmente por el método de pica de corteza,VSC,5,7,1.21,0.5732227,0.0002697,0.0,0.0,0.0,0.0,0
72,-,-,726,Pinus pinaster resinados actualmente por el método de pica de corteza,IAVC,5,21,0.0,0.0,0.000276482798691555,-1.68949196448556e-07,0.0,0.0,0.0,0
72,-,-,726,Pinus pinaster resinados actualmente por el método de pica de corteza,VLE,5,12,0.0,0.0,0.0,0.0,0.0027646,1.54965,0.0,0
72,-,-,237,Juniperus oxycedrus,VCC,2,1,20.57,0.0002687,0.0,0.0,0.0,0.0,0.0,0
72,-,-,237,Juniperus oxycedrus,VSC,2,7,-4.01,0.8850885,4.11e-05,0.0,0.0,0.0,0.0,0
72,-,-,237,Juniperus oxycedrus,IAVC,2,21,0.0,0.0,8.74800989283219e-05,-2.40507325259812e-07,0.0,0.0,0.0,0
72,-,-,237,Juniperus oxycedrus,VLE,2,12,0.0,0.0,0.0,0.0,7.3e-05,2.28991,0.0,0
72,-,-,237,Juniperus oxycedrus,VCC,3,1,20.57,0.0002687,0.0,0.0,0.0,0.0,0.0,0
72,-,-,237,Juniperus oxycedrus,VSC,3,7,-4.01,0.8850885,4.11e-05,0.0,0.0,0.0,0.0,0
72,-,-,237,Juniperus oxycedrus,IAVC,3,21,0.0,0.0,8.74800989283219e-05,-2.40507325259812e-07,0.0,0.0,0.0,0
72,-,-,237,Juniperus oxycedrus,VLE,3,12,0.0,0.0,0.0,0.0,7.3e-05,2.28991,0.0,0
72,-,-,237,Juniperus oxycedrus,VCC,5,1,20.57,0.0002687,0.0,0.0,0.0,0.0,0.0,0
72,-,-,237,Juniperus oxycedrus,VSC,5,7,-4.01,0.8850885,4.11e-05,0.0,0.0,0.0,0.0,0
72,-,-,237,Juniperus oxycedrus,IAVC,5,21,0.0,0.0,8.74800989283219e-05,-2.40507325259812e-07,0.0,0.0,0.0,0
72,-,-,237,Juniperus oxycedrus,VLE,5,12,0.0,0.0,0.0,0.0,7.3e-05,2.28991,0.0,0
72,-,-,43,Quercus pyrenaica,VCC,2,1,38.35,0.0002535,0.0,0.0,0.0,0.0,0.0,0
72,-,-,43,Quercus pyrenaica,VSC,2,7,-9.26,0.8014824,1.82e-05,0.0,0.0,0.0,0.0,0
72,-,-,43,Quercus pyrenaica,IAVC,2,21,0.0,0.0,0.000116017656716564,-1.07075531445517e-07,0.0,0.0,0.0,0
72,-,-,43,Quercus pyrenaica,VLE,2,12,0.0,0.0,0.0,0.0,9.44e-05,2.27236,0.0,0
72,-,-,43,Quercus pyrenaica,VCC,3,1,1.79,0.0002672,0.0,0.0,0.0,0.0,0.0,0
72,-,-,43,Quercus pyrenaica,VSC,3,7,0.09,0.6420743,0.0011138,0.0,0.0,0.0,0.0,0
72,-,-,43,Quercus pyrenaica,IAVC,3,21,0.0,0.0,0.000116017656716564,-1.07075531445517e-07,0.0,0.0,0.0,0
72,-,-,43,Quercus pyrenaica,VLE,3,12,0.0,0.0,0.0,0.0,9.44e-05,2.27236,0.0,0
72,-,-,43,Quercus pyrenaica,VCC,4,1,61.83,0.0001192,0.0,0.0,0.0,0.0,0.0,0
72,-,-,43,Quercus pyrenaica,VSC,4,7,-9.41,0.8506587,-5.3e-06,0.0,0.0,0.0,0.0,0
72,-,-,43,Quercus pyrenaica,IAVC,4,21,0.0,0.0,0.000116017656716564,-1.07075531445517e-07,0.0,0.0,0.0,0
72,-,-,43,Quercus pyrenaica,VLE,4,12,0.0,0.0,0.0,0.0,9.44e-05,2.27236,0.0,0
72,-,-,43,Quercus pyrenaica,VCC,5,1,36.92,0.00021,0.0,0.0,0.0,0.0,0.0,0
72,-,-,43,Quercus pyrenaica,VSC,5,7,-7.18,0.8166583,3.7e-05,0.0,0.0,0.0,0.0,0
72,-,-,43,Quercus pyrenaica,IAVC,5,21,0.0,0.0,0.000116017656716564,-1.07075531445517e-07,0.0,0.0,0.0,0
72,-,-,43,Quercus pyrenaica,VLE,5,12,0.0,0.0,0.0,0.0,9.44e-05,2.27236,0.0,0
72,-,-,51,Populus alba,VCC,2,1,56.04,0.0002424,0.0,0.0,0.0,0.0,0.0,0
72,-,-,51,Populus alba,VSC,2,7,-4.94,0.8041414,1.86e-05,0.0,0.0,0.0,0.0,0
72,-,-,51,Populus alba,IAVC,2,21,0.0,0.0,0.000155666178267029,-1.33128377917321e-07,0.0,0.0,0.0,0
72,-,-,51,Populus alba,VLE,2,12,0.0,0.0,0.0,0.0,0.0001247,2.16723,0.0,0
72,-,-,51,Populus alba,VCC,5,1,59.08,0.0001293,0.0,0.0,0.0,0.0,0.0,0
72,-,-,51,Populus alba,VSC,5,7,-4.94,0.8041414,1.86e-05,0.0,0.0,0.0,0.0,0
72,-,-,51,Populus alba,IAVC,5,21,0.0,0.0,0.000155666178267029,-1.33128377917321e-07,0.0,0.0,0.0,0
72,-,-,51,Populus alba,VLE,5,12,0.0,0.0,0.0,0.0,0.0001247,2.16723,0.0,0
72,-,-,53,Tamarix spp.,VCC,5,11,0.0,0.0,0.0,0.0,0.0004732,1.98799,0.75629,0
72,-,-,53,Tamarix spp.,VSC,5,7,-4.94,0.8041761,1.86e-05,0.0,0.0,0.0,0.0,0
72,-,-,53,Tamarix spp.,IAVC,5,21,0.0,0.0,8.35687106206054e-05,-1.27463195893234e-07,0.0,0.0,0.0,0
72,-,-,53,Tamarix spp.,VLE,5,12,0.0,0.0,0.0,0.0,0.0016601,1.7736,0.0,0
72,-,-,54,Alnus glutinosa,VCC,2,1,13.04,0.0002678,0.0,0.0,0.0,0.0,0.0,0
72,-,-,54,Alnus glutinosa,VSC,2,7,-0.79,0.8039094,2.27e-05,0.0,0.0,0.0,0.0,0
72,-,-,54,Alnus glutinosa,IAVC,2,21,0.0,0.0,0.000155666178267029,-1.33128377917321e-07,0.0,0.0,0.0,0
72,-,-,54,Alnus glutinosa,VLE,2,12,0.0,0.0,0.0,0.0,0.0009308,1.83129,0.0,0
72,-,-,54,Alnus glutinosa,VCC,3,1,13.04,0.0002678,0.0,0.0,0.0,0.0,0.0,0
72,-,-,54,Alnus glutinosa,VSC,3,7,-0.79,0.8039094,2.27e-05,0.0,0.0,0.0,0.0,0
72,-,-,54,Alnus glutinosa,IAVC,3,21,0.0,0.0,0.000155666178267029,-1.33128377917321e-07,0.0,0.0,0.0,0
72,-,-,54,Alnus glutinosa,VLE,3,12,0.0,0.0,0.0,0.0,0.0009308,1.83129,0.0,0
72,-,-,54,Alnus glutinosa,VCC,5,1,13.04,0.0002678,0.0,0.0,0.0,0.0,0.0,0
72,-,-,54,Alnus glutinosa,VSC,5,7,-0.79,0.8039094,2.27e-05,0.0,0.0,0.0,0.0,0
72,-,-,54,Alnus glutinosa,IAVC,5,21,0.0,0.0,0.000155666178267029,-1.33128377917321e-07,0.0,0.0,0.0,0
72,-,-,54,Alnus glutinosa,VLE,5,12,0.0,0.0,0.0,0.0,0.0009308,1.83129,0.0,0
72,-,-,55,Fraxinus angustifolia,VCC,2,11,0.0,0.0,0.0,0.0,0.0011227,1.84869,0.7592,0
72,-,-,55,Fraxinus angustifolia,VSC,2,7,-6.18,0.8544607,-5.8e-06,0.0,0.0,0.0,0.0,0
72,-,-,55,Fraxinus angustifolia,IAVC,2,21,0.0,0.0,0.000155666178267029,-1.33128377917321e-07,0.0,0.0,0.0,0
72,-,-,55,Fraxinus angustifolia,VLE,2,12,0.0,0.0,0.0,0.0,2.71e-05,2.51797,0.0,0
72,-,-,55,Fraxinus angustifolia,VCC,3,11,0.0,0.0,0.0,0.0,0.0011227,1.84869,0.7592,0
72,-,-,55,Fraxinus angustifolia,VSC,3,7,-6.18,0.8544607,-5.8e-06,0.0,0.0,0.0,0.0,0
72,-,-,55,Fraxinus angustifolia,IAVC,3,21,0.0,0.0,0.000155666178267029,-1.33128377917321e-07,0.0,0.0,0.0,0
72,-,-,55,Fraxinus angustifolia,VLE,3,12,0.0,0.0,0.0,0.0,2.71e-05,2.51797,0.0,0
72,-,-,55,Fraxinus angustifolia,VCC,4,11,0.0,0.0,0.0,0.0,0.0011227,1.84869,0.7592,0
72,-,-,55,Fraxinus angustifolia,VSC,4,7,-6.18,0.8544607,-5.8e-06,0.0,0.0,0.0,0.0,0
72,-,-,55,Fraxinus angustifolia,IAVC,4,21,0.0,0.0,0.000155666178267029,-1.33128377917321e-07,0.0,0.0,0.0,0
72,-,-,55,Fraxinus angustifolia,VLE,4,12,0.0,0.0,0.0,0.0,2.71e-05,2.51797,0.0,0
72,-,-,55,Fraxinus angustifolia,VCC,5,11,0.0,0.0,0.0,0.0,0.0011227,1.84869,0.7592,0
72,-,-,55,Fraxinus angustifolia,VSC,5,7,-6.18,0.8544607,-5.8e-06,0.0,0.0,0.0,0.0,0
72,-,-,55,Fraxinus angustifolia,IAVC,5,21,0.0,0.0,0.000155666178267029,-1.33128377917321e-07,0.0,0.0,0.0,0
72,-,-,55,Fraxinus angustifolia,VLE,5,12,0.0,0.0,0.0,0.0,2.71e-05,2.51797,0.0,0
72,-,-,55,Fraxinus angustifolia,VCC,6,11,0.0,0.0,0.0,0.0,0.0011227,1.84869,0.7592,0
72,-,-,55,Fraxinus angustifolia,VSC,6,7,-6.18,0.8544607,-5.8e-06,0.0,0.0,0.0,0.0,0
72,-,-,55,Fraxinus angustifolia,IAVC,6,21,0.0,0.0,0.000155666178267029,-1.33128377917321e-07,0.0,0.0,0.0,0
72,-,-,55,Fraxinus angustifolia,VLE,6,12,0.0,0.0,0.0,0.0,2.71e-05,2.51797,0.0,0
72,-,-,455,Fraxinus spp.,VCC,2,11,0.0,0.0,0.0,0.0,0.0011227,1.84869,0.7592,0
72,-,-,455,Fraxinus spp.,VSC,2,7,-6.18,0.8544607,-5.8e-06,0.0,0.0,0.0,0.0,0
72,-,-,455,Fraxinus spp.,IAVC,2,21,0.0,0.0,0.000155666178267029,-1.33128377917321e-07,0.0,0.0,0.0,0
72,-,-,455,Fraxinus spp.,VLE,2,12,0.0,0.0,0.0,0.0,2.71e-05,2.51797,0.0,0
72,-,-,56,Ulmus minor,VCC,3,11,0.0,0.0,0.0,0.0,0.0007316,1.86222,0.94326,0
72,-,-,56,Ulmus minor,VSC,3,7,-7.8,0.8086976,1.7e-06,0.0,0.0,0.0,0.0,0
72,-,-,56,Ulmus minor,IAVC,3,21,0.0,0.0,0.000155666178267029,-1.33128377917321e-07,0.0,0.0,0.0,0
72,-,-,56,Ulmus minor,VLE,3,12,0.0,0.0,0.0,0.0,1.27e-05,2.57913,0.0,0
72,-,-,456,Ulmus spp.,VCC,3,11,0.0,0.0,0.0,0.0,0.0007316,1.86222,0.94326,0
72,-,-,456,Ulmus spp.,VSC,3,7,-7.8,0.8086976,1.7e-06,0.0,0.0,0.0,0.0,0
72,-,-,456,Ulmus spp.,IAVC,3,21,0.0,0.0,0.000155666178267029,-1.33128377917321e-07,0.0,0.0,0.0,0
72,-,-,456,Ulmus spp.,VLE,3,12,0.0,0.0,0.0,0.0,1.27e-05,2.57913,0.0,0
72,-,-,456,Ulmus spp.,VCC,5,11,0.0,0.0,0.0,0.0,0.0007316,1.86222,0.94326,0
72,-,-,456,Ulmus spp.,VSC,5,7,-7.8,0.8086976,1.7e-06,0.0,0.0,0.0,0.0,0
72,-,-,456,Ulmus spp.,IAVC,5,21,0.0,0.0,0.000155666178267029,-1.33128377917321e-07,0.0,0.0,0.0,0
72,-,-,456,Ulmus spp.,VLE,5,12,0.0,0.0,0.0,0.0,1.27e-05,2.57913,0.0,0
72,-,-,57,Salix spp.,VCC,2,11,0.0,0.0,0.0,0.0,0.0004732,1.98799,0.75629,0
72,-,-,57,Salix spp.,VSC,2,7,-4.94,0.8041761,1.86e-05,0.0,0.0,0.0,0.0,0
72,-,-,57,Salix spp.,IAVC,2,21,0.0,0.0,8.35687106206054e-05,-1.27463195893234e-07,0.0,0.0,0.0,0
72,-,-,57,Salix spp.,VLE,2,12,0.0,0.0,0.0,0.0,0.0016601,1.7736,0.0,0
72,-,-,57,Salix spp.,VCC,5,11,0.0,0.0,0.0,0.0,0.0004732,1.98799,0.75629,0
72,-,-,57,Salix spp.,VSC,5,7,-4.94,0.8041761,1.86e-05,0.0,0.0,0.0,0.0,0
72,-,-,57,Salix spp.,IAVC,5,21,0.0,0.0,8.35687106206054e-05,-1.27463195893234e-07,0.0,0.0,0.0,0
72,-,-,57,Salix spp.,VLE,5,12,0.0,0.0,0.0,0.0,0.0016601,1.7736,0.0,0
72,-,-,257,Salix alba,VCC,2,11,0.0,0.0,0.0,0.0,0.0004732,1.98799,0.75629,0
72,-,-,257,Salix alba,VSC,2,7,-4.94,0.8041761,1.86e-05,0.0,0.0,0.0,0.0,0
72,-,-,257,Salix alba,IAVC,2,21,0.0,0.0,8.35687106206054e-05,-1.27463195893234e-07,0.0,0.0,0.0,0
72,-,-,257,Salix alba,VLE,2,12,0.0,0.0,0.0,0.0,0.0016601,1.7736,0.0,0
72,-,-,257,Salix alba,VCC,3,11,0.0,0.0,0.0,0.0,0.0004732,1.98799,0.75629,0
72,-,-,257,Salix alba,VSC,3,7,-4.94,0.8041761,1.86e-05,0.0,0.0,0.0,0.0,0
72,-,-,257,Salix alba,IAVC,3,21,0.0,0.0,8.35687106206054e-05,-1.27463195893234e-07,0.0,0.0,0.0,0
72,-,-,257,Salix alba,VLE,3,12,0.0,0.0,0.0,0.0,0.0016601,1.7736,0.0,0
72,-,-,257,Salix alba,VCC,5,11,0.0,0.0,0.0,0.0,0.0004732,1.98799,0.75629,0
72,-,-,257,Salix alba,VSC,5,7,-4.94,0.8041761,1.86e-05,0.0,0.0,0.0,0.0,0
72,-,-,257,Salix alba,IAVC,5,21,0.0,0.0,8.35687106206054e-05,-1.27463195893234e-07,0.0,0.0,0.0,0
72,-,-,257,Salix alba,VLE,5,12,0.0,0.0,0.0,0.0,0.0016601,1.7736,0.0,0
72,-,-,357,Salix atrocinerea,VCC,2,11,0.0,0.0,0.0,0.0,0.0004732,1.98799,0.75629,0
72,-,-,357,Salix atrocinerea,VSC,2,7,-4.94,0.8041761,1.86e-05,0.0,0.0,0.0,0.0,0
72,-,-,357,Salix atrocinerea,IAVC,2,21,0.0,0.0,8.35687106206054e-05,-1.27463195893234e-07,0.0,0.0,0.0,0
72,-,-,357,Salix atrocinerea,VLE,2,12,0.0,0.0,0.0,0.0,0.0016601,1.7736,0.0,0
72,-,-,357,Salix atrocinerea,VCC,5,11,0.0,0.0,0.0,0.0,0.0004732,1.98799,0.75629,0
72,-,-,357,Salix atrocinerea,VSC,5,7,-4.94,0.8041761,1.86e-05,0.0,0.0,0.0,0.0,0
72,-,-,357,Salix atrocinerea,IAVC,5,21,0.0,0.0,8.35687106206054e-05,-1.27463195893234e-07,0.0,0.0,0.0,0
72,-,-,357,Salix atrocinerea,VLE,5,12,0.0,0.0,0.0,0.0,0.0016601,1.7736,0.0,0
72,-,-,657,Salix caprea,VCC,5,11,0.0,0.0,0.0,0.0,0.0004732,1.98799,0.75629,0
72,-,-,657,Salix caprea,VSC,5,7,-4.94,0.8041761,1.86e-05,0.0,0.0,0.0,0.0,0
72,-,-,657,Salix caprea,IAVC,5,21,0.0,0.0,8.35687106206054e-05,-1.27463195893234e-07,0.0,0.0,0.0,0
72,-,-,657,Salix caprea,VLE,5,12,0.0,0.0,0.0,0.0,0.0016601,1.7736,0.0,0
72,-,-,58,Populus nigra,VCC,2,1,56.04,0.0002424,0.0,0.0,0.0,0.0,0.0,0
72,-,-,58,Populus nigra,VSC,2,7,-4.94,0.8041414,1.86e-05,0.0,0.0,0.0,0.0,0
72,-,-,58,Populus nigra,IAVC,2,21,0.0,0.0,0.000155666178267029,-1.33128377917321e-07,0.0,0.0,0.0,0
72,-,-,58,Populus nigra,VLE,2,12,0.0,0.0,0.0,0.0,0.0001247,2.16723,0.0,0
72,-,-,58,Populus nigra,VCC,3,1,0.68,0.0002336,0.0,0.0,0.0,0.0,0.0,0
72,-,-,58,Populus nigra,VSC,3,7,-4.94,0.8041414,1.86e-05,0.0,0.0,0.0,0.0,0
72,-,-,58,Populus nigra,IAVC,3,21,0.0,0.0,0.000155666178267029,-1.33128377917321e-07,0.0,0.0,0.0,0
72,-,-,58,Populus nigra,VLE,3,12,0.0,0.0,0.0,0.0,0.0001247,2.16723,0.0,0
72,-,-,58,Populus nigra,VCC,5,1,59.08,0.0001293,0.0,0.0,0.0,0.0,0.0,0
72,-,-,58,Populus nigra,VSC,5,7,-4.94,0.8041414,1.86e-05,0.0,0.0,0.0,0.0,0
72,-,-,58,Populus nigra,IAVC,5,21,0.0,0.0,0.000155666178267029,-1.33128377917321e-07,0.0,0.0,0.0,0
72,-,-,58,Populus nigra,VLE,5,12,0.0,0.0,0.0,0.0,0.0001247,2.16723,0.0,0
72,-,-,258,Populus x canadensis,VCC,2,1,56.04,0.0002424,0.0,0.0,0.0,0.0,0.0,0
72,-,-,258,Populus x canadensis,VSC,2,7,-4.94,0.8041414,1.86e-05,0.0,0.0,0.0,0.0,0
72,-,-,258,Populus x canadensis,IAVC,2,21,0.0,0.0,0.000155666178267029,-1.33128377917321e-07,0.0,0.0,0.0,0
72,-,-,258,Populus x canadensis,VLE,2,12,0.0,0.0,0.0,0.0,0.0001247,2.16723,0.0,0
72,-,-,258,Populus x canadensis,VCC,3,1,0.68,0.0002336,0.0,0.0,0.0,0.0,0.0,0
72,-,-,258,Populus x canadensis,VSC,3,7,-4.94,0.8041414,1.86e-05,0.0,0.0,0.0,0.0,0
72,-,-,258,Populus x canadensis,IAVC,3,21,0.0,0.0,0.000155666178267029,-1.33128377917321e-07,0.0,0.0,0.0,0
72,-,-,258,Populus x canadensis,VLE,3,12,0.0,0.0,0.0,0.0,0.0001247,2.16723,0.0,0
72,-,-,258,Populus x canadensis,VCC,5,1,59.08,0.0001293,0.0,0.0,0.0,0.0,0.0,0
72,-,-,258,Populus x canadensis,VSC,5,7,-4.94,0.8041414,1.86e-05,0.0,0.0,0.0,0.0,0
72,-,-,258,Populus x canadensis,IAVC,5,21,0.0,0.0,0.000155666178267029,-1.33128377917321e-07,0.0,0.0,0.0,0
72,-,-,258,Populus x canadensis,VLE,5,12,0.0,0.0,0.0,0.0,0.0001247,2.16723,0.0,0
72,-,-,68,Arbutus unedo ,VCC,3,1,13.14,0.0002358,0.0,0.0,0.0,0.0,0.0,0
72,-,-,68,Arbutus unedo ,VSC,3,7,-4.94,0.8041414,1.86e-05,0.0,0.0,0.0,0.0,0
72,-,-,68,Arbutus unedo ,IAVC,3,21,0.0,0.0,8.35687106206054e-05,-1.27463195893234e-07,0.0,0.0,0.0,0
72,-,-,68,Arbutus unedo ,VLE,3,12,0.0,0.0,0.0,0.0,0.0090069,1.42613,0.0,0
72,-,-,68,Arbutus unedo ,VCC,5,1,13.14,0.0002358,0.0,0.0,0.0,0.0,0.0,0
72,-,-,68,Arbutus unedo ,VSC,5,7,-4.94,0.8041414,1.86e-05,0.0,0.0,0.0,0.0,0
72,-,-,68,Arbutus unedo ,IAVC,5,21,0.0,0.0,8.35687106206054e-05,-1.27463195893234e-07,0.0,0.0,0.0,0
72,-,-,68,Arbutus unedo ,VLE,5,12,0.0,0.0,0.0,0.0,0.0090069,1.42613,0.0,0
72,-,-,273,Betula alba,VCC,2,1,12.68,0.0002535,0.0,0.0,0.0,0.0,0.0,0
72,-,-,273,Betula alba,VSC,2,7,-0.79,0.8039094,2.27e-05,0.0,0.0,0.0,0.0,0
72,-,-,273,Betula alba,IAVC,2,21,0.0,0.0,0.000155666178267029,-1.33128377917321e-07,0.0,0.0,0.0,0
72,-,-,273,Betula alba,VLE,2,12,0.0,0.0,0.0,0.0,0.0090069,1.42613,0.0,0
72,-,-,75,Juglans regia,VCC,2,11,0.0,0.0,0.0,0.0,0.0052529,1.41567,1.11603,0
72,-,-,75,Juglans regia,VSC,2,7,1.34,0.7876609,2.12e-05,0.0,0.0,0.0,0.0,0
72,-,-,75,Juglans regia,IAVC,2,21,0.0,0.0,0.000155666178267029,-1.33128377917321e-07,0.0,0.0,0.0,0
72,-,-,75,Juglans regia,VLE,2,12,0.0,0.0,0.0,0.0,1e-07,3.52547,0.0,0
72,-,-,75,Juglans regia,VCC,4,11,0.0,0.0,0.0,0.0,0.0052529,1.41567,1.11603,0
72,-,-,75,Juglans regia,VSC,4,7,1.34,0.7876609,2.12e-05,0.0,0.0,0.0,0.0,0
72,-,-,75,Juglans regia,IAVC,4,21,0.0,0.0,0.000155666178267029,-1.33128377917321e-07,0.0,0.0,0.0,0
72,-,-,75,Juglans regia,VLE,4,12,0.0,0.0,0.0,0.0,1e-07,3.52547,0.0,0
72,-,-,75,Juglans regia,VCC,5,11,0.0,0.0,0.0,0.0,0.0052529,1.41567,1.11603,0
72,-,-,75,Juglans regia,VSC,5,7,1.34,0.7876609,2.12e-05,0.0,0.0,0.0,0.0,0
72,-,-,75,Juglans regia,IAVC,5,21,0.0,0.0,0.000155666178267029,-1.33128377917321e-07,0.0,0.0,0.0,0
72,-,-,75,Juglans regia,VLE,5,12,0.0,0.0,0.0,0.0,1e-07,3.52547,0.0,0
72,-,-,276,Acer monspessulanum,VCC,5,11,0.0,0.0,0.0,0.0,0.0017568,1.68729,0.93055,0
72,-,-,276,Acer monspessulanum,VSC,5,7,-4.44,0.8334608,8.16e-05,0.0,0.0,0.0,0.0,0
72,-,-,276,Acer monspessulanum,IAVC,5,21,0.0,0.0,8.35687106206054e-05,-1.27463195893234e-07,0.0,0.0,0.0,0
72,-,-,276,Acer monspessulanum,VLE,5,12,0.0,0.0,0.0,0.0,0.0010626,1.85153,0.0,0
72,-,-,376,Acer negundo,VCC,5,11,0.0,0.0,0.0,0.0,0.0017568,1.68729,0.93055,0
72,-,-,376,Acer negundo,VSC,5,7,-4.44,0.8334608,8.16e-05,0.0,0.0,0.0,0.0,0
72,-,-,376,Acer negundo,IAVC,5,21,0.0,0.0,8.35687106206054e-05,-1.27463195893234e-07,0.0,0.0,0.0,0
72,-,-,376,Acer negundo,VLE,5,12,0.0,0.0,0.0,0.0,0.0010626,1.85153,0.0,0
72,-,-,378,Sorbus aucuparia,VCC,5,11,0.0,0.0,0.0,0.0,0.0017568,1.68729,0.93055,0
72,-,-,378,Sorbus aucuparia,VSC,5,7,-4.44,0.8334608,8.16e-05,0.0,0.0,0.0,0.0,0
72,-,-,378,Sorbus aucuparia,IAVC,5,21,0.0,0.0,8.35687106206054e-05,-1.27463195893234e-07,0.0,0.0,0.0,0
72,-,-,378,Sorbus aucuparia,VLE,5,12,0.0,0.0,0.0,0.0,0.0010626,1.85153,0.0,0
72,-,-,392,Gleditsia triacanthos,VCC,2,11,0.0,0.0,0.0,0.0,0.0007316,1.86222,0.94326,0
72,-,-,392,Gleditsia triacanthos,VSC,2,7,-7.8,0.8086976,1.7e-06,0.0,0.0,0.0,0.0,0
72,-,-,392,Gleditsia triacanthos,IAVC,2,21,0.0,0.0,0.000155666178267029,-1.33128377917321e-07,0.0,0.0,0.0,0
72,-,-,392,Gleditsia triacanthos,VLE,2,12,0.0,0.0,0.0,0.0,1.27e-05,2.57913,0.0,0
72,-,-,392,Gleditsia triacanthos,VCC,5,11,0.0,0.0,0.0,0.0,0.0007316,1.86222,0.94326,0
72,-,-,392,Gleditsia triacanthos,VSC,5,7,-7.8,0.8086976,1.7e-06,0.0,0.0,0.0,0.0,0
72,-,-,392,Gleditsia triacanthos,IAVC,5,21,0.0,0.0,0.000155666178267029,-1.33128377917321e-07,0.0,0.0,0.0,0
72,-,-,392,Gleditsia triacanthos,VLE,5,12,0.0,0.0,0.0,0.0,1.27e-05,2.57913,0.0,0
72,-,-,95,Prunus spp.,VCC,5,11,0.0,0.0,0.0,0.0,0.0017568,1.68729,0.93055,0
72,-,-,95,Prunus spp.,VSC,5,7,-4.44,0.8334608,8.16e-05,0.0,0.0,0.0,0.0,0
72,-,-,95,Prunus spp.,IAVC,5,21,0.0,0.0,8.35687106206054e-05,-1.27463195893234e-07,0.0,0.0,0.0,0
72,-,-,95,Prunus spp.,VLE,5,12,0.0,0.0,0.0,0.0,0.0090069,1.42613,0.0,0
72,-,-,395,Prunus avium,VCC,2,11,0.0,0.0,0.0,0.0,0.0017568,1.68729,0.93055,0
72,-,-,395,Prunus avium,VSC,2,7,-4.44,0.8334608,8.16e-05,0.0,0.0,0.0,0.0,0
72,-,-,395,Prunus avium,IAVC,2,21,0.0,0.0,8.35687106206054e-05,-1.27463195893234e-07,0.0,0.0,0.0,0
72,-,-,395,Prunus avium,VLE,2,12,0.0,0.0,0.0,0.0,0.0090069,1.42613,0.0,0
72,-,-,395,Prunus avium,VCC,3,11,0.0,0.0,0.0,0.0,0.0017568,1.68729,0.93055,0
72,-,-,395,Prunus avium,VSC,3,7,-4.44,0.8334608,8.16e-05,0.0,0.0,0.0,0.0,0
72,-,-,395,Prunus avium,IAVC,3,21,0.0,0.0,8.35687106206054e-05,-1.27463195893234e-07,0.0,0.0,0.0,0
72,-,-,395,Prunus avium,VLE,3,12,0.0,0.0,0.0,0.0,0.0090069,1.42613,0.0,0
72,-,-,395,Prunus avium,VCC,5,11,0.0,0.0,0.0,0.0,0.0017568,1.68729,0.93055,0
72,-,-,395,Prunus avium,VSC,5,7,-4.44,0.8334608,8.16e-05,0.0,0.0,0.0,0.0,0
72,-,-,395,Prunus avium,IAVC,5,21,0.0,0.0,8.35687106206054e-05,-1.27463195893234e-07,0.0,0.0,0.0,0
72,-,-,395,Prunus avium,VLE,5,12,0.0,0.0,0.0,0.0,0.0090069,1.42613,0.0,0
72,-,-,495,Prunus lusitanica,VCC,2,11,0.0,0.0,0.0,0.0,0.0017568,1.68729,0.93055,0
72,-,-,495,Prunus lusitanica,VSC,2,7,-4.44,0.8334608,8.16e-05,0.0,0.0,0.0,0.0,0
72,-,-,495,Prunus lusitanica,IAVC,2,21,0.0,0.0,8.35687106206054e-05,-1.27463195893234e-07,0.0,0.0,0.0,0
72,-,-,495,Prunus lusitanica,VLE,2,12,0.0,0.0,0.0,0.0,0.0090069,1.42613,0.0,0
72,-,-,495,Prunus lusitanica,VCC,3,11,0.0,0.0,0.0,0.0,0.0017568,1.68729,0.93055,0
72,-,-,495,Prunus lusitanica,VSC,3,7,-4.44,0.8334608,8.16e-05,0.0,0.0,0.0,0.0,0
72,-,-,495,Prunus lusitanica,IAVC,3,21,0.0,0.0,8.35687106206054e-05,-1.27463195893234e-07,0.0,0.0,0.0,0
72,-,-,495,Prunus lusitanica,VLE,3,12,0.0,0.0,0.0,0.0,0.0090069,1.42613,0.0,0
72,-,-,495,Prunus lusitanica,VCC,5,11,0.0,0.0,0.0,0.0,0.0017568,1.68729,0.93055,0
72,-,-,495,Prunus lusitanica,VSC,5,7,-4.44,0.8334608,8.16e-05,0.0,0.0,0.0,0.0,0
72,-,-,495,Prunus lusitanica,IAVC,5,21,0.0,0.0,8.35687106206054e-05,-1.27463195893234e-07,0.0,0.0,0.0,0
72,-,-,495,Prunus lusitanica,VLE,5,12,0.0,0.0,0.0,0.0,0.0090069,1.42613,0.0,0
72,-,-,97,Sambucus nigra,VCC,2,11,0.0,0.0,0.0,0.0,0.0004732,1.98799,0.75629,0
72,-,-,97,Sambucus nigra,VSC,2,7,-4.94,0.8041761,1.86e-05,0.0,0.0,0.0,0.0,0
72,-,-,97,Sambucus nigra,IAVC,2,21,0.0,0.0,8.35687106206054e-05,-1.27463195893234e-07,0.0,0.0,0.0,0
72,-,-,97,Sambucus nigra,VLE,2,12,0.0,0.0,0.0,0.0,0.0016601,1.7736,0.0,0
